video_id,label,shot_time_s,fps_used,flow_start,flow_end,blond_frame,blond_rate,flow_start_confidence,flow_end_confidence,flow_quality_score,channel_quality_score,channel_mean_confidence,channel_valid_ratio,overall_quality_score,channel_global_lr_asymmetry,channel_global_tb_asymmetry,channel_mean_lr_asymmetry,channel_mean_tb_asymmetry,channel_mean_spatial_entropy,channel_peak_holes,channel_burstiness,channel_early_late_holes_delta,t_blond_20_s,t_blond_20_norm,f_blond_20,t_blond_40_s,t_blond_40_norm,f_blond_40,t_blond_60_s,t_blond_60_norm,f_blond_60,t_blond_80_s,t_blond_80_norm,f_blond_80,t_channel_5_s,t_channel_5_norm,f_channel_5,t_channel_10_s,t_channel_10_norm,f_channel_10,channel_peak_s,channel_peak_norm,channel_peak_value,channel_recovery_s,channel_recovery_norm,diag_flag_choked_restricted_flow,diag_flag_count,diag_flag_dry_zone_dead_zone,diag_flag_global_high_channeling_unstable_puck,diag_flag_gushing_low_resistance_flow,diag_flag_likely_over_extraction_long_slow_blonding,diag_flag_likely_under_extraction_fast_early_blonding,diag_flag_localized_single_quadrant_channeling,diag_flag_one_sided_extraction_bias,diag_flag_uneven_extraction_long_high_channeling,diag_max_flag_score,diag_score_choked_restricted_flow,diag_score_dry_zone_dead_zone,diag_score_global_high_channeling_unstable_puck,diag_score_gushing_low_resistance_flow,diag_score_likely_over_extraction_long_slow_blonding,diag_score_likely_under_extraction_fast_early_blonding,diag_score_localized_single_quadrant_channeling,diag_score_one_sided_extraction_bias,diag_score_uneven_extraction_long_high_channeling,diag_stat_blond_20_norm,diag_stat_blond_20_s,diag_stat_blond_60_norm,diag_stat_blond_60_s,diag_stat_blond_80_norm,diag_stat_blond_80_s,diag_stat_blond_rate,diag_stat_blonding_change,diag_stat_bottom_share,diag_stat_brightness_change,diag_stat_channel_high_frame_ratio,diag_stat_channel_lr_bias,diag_stat_channel_mean_norm,diag_stat_channel_mean_raw,diag_stat_channel_moderate_frame_ratio,diag_stat_channel_peak_norm,diag_stat_channel_peak_raw,diag_stat_channel_quality_score,diag_stat_channel_spatial_entropy,diag_stat_channel_std_norm,diag_stat_channel_tb_bias,diag_stat_channel_valid_ratio,diag_stat_dominant_quadrant_share,diag_stat_dominant_to_mean_other_ratio,diag_stat_dominant_to_second_ratio,diag_stat_flow_end_confidence,diag_stat_flow_quality_score,diag_stat_flow_start_confidence,diag_stat_flow_start_s,diag_stat_left_share,diag_stat_right_share,diag_stat_shot_time_s,diag_stat_side_bias_strength,diag_stat_side_dominance_ratio,diag_stat_top_share,diag_stat_vertical_dominance_ratio,diag_stat_weakest_quadrant_share,diag_stat_weakest_to_mean_other_ratio
10,1,20.4,5.0,0,102,41,0.09451743574916488,0.048066628017480226,0.9728980519495132,0.2704823399834967,1.0,1.0,1.0,0.6352411699917484,-0.40800153506667947,-0.03651539863762832,-0.5167099833488464,-0.22924286127090454,0.834797739982605,1452.0,2.841868980293449,-1309.7647285461426,0.0,0.0,1,0.0,0.0,1,0.2,0.009803921568627453,2,9.4,0.4607843137254902,48,0.0,0.0,1,0.0,0.0,1,4.8,0.23529411764705882,27.91663462277936,7.0,0.3431372549019608,0.0,1.0,0.0,0.0,0.0,0.0,0.0,0.0,1.0,0.0,1.0,0.1018,0.8314,0.9276,0.2036,0.0165,0.7876,0.7694,1.0,0.5829,0.0,0.0,0.009900990099009901,0.2,0.46534653465346537,9.4,0.09451743574916488,0.9584398932444551,0.5182576993188142,89.26099395751953,0.3627450980392157,-0.40800153506667947,9.823336387381834,510.9313659667969,0.4215686274509804,27.91663360595703,1452.0,1.0,0.834797739982605,11.683148126242811,-0.03651539863762832,1.0,0.3586875179890627,1.677906767997128,1.0387308290731274,0.9728980519495132,0.2704823399834967,0.048066628017480226,0.0,0.7040007675333397,0.29599923246666027,20.4,0.40800153506667947,2.3783871385971738,0.48174230068118584,1.075798613877161,0.1230547826921232,0.4209662596822896
11,1,51.0,5.0,0,255,242,0.08405481692817475,0.0324313173795942,0.9492182735811062,0.2508247954803502,0.9294068652391434,0.9989215731620789,1.0,0.5901158303597468,-0.2114835339208554,0.4226008837243366,-0.29153016209602356,0.4047025144100189,0.8376290202140808,444.0,2.7639576232193086,-33.976470947265625,0.4,0.00784313725490196,3,0.6,0.011764705882352941,4,0.8,0.01568627450980392,5,0.8,0.01568627450980392,5,,,,,,,3.2,0.06274509803921569,1.6234300444249437,6.2,0.12156862745098039,0.0,0.0,0.0,0.0,0.0,0.0,0.0,0.0,0.0,0.0,0.3974,0.3974,0.0,0.0,0.3529,0.0262,0.3529,0.0,0.0,0.0,0.007874015748031496,0.4,0.015748031496062992,0.8,0.015748031496062992,0.8,0.08405481692817475,0.8807922601699828,0.2886995581378317,127.9369888305664,0.0,-0.2114835339208554,0.5873570484675321,160.63922119140625,0.0,1.6234300136566162,444.0,0.9294068652391434,0.8376290202140808,0.3058431385707426,0.4226008837243366,1.0,0.4189878670995777,2.163403361344538,1.433355603808251,0.9492182735811062,0.2508247954803502,0.0324313173795942,0.0,0.6057417669604277,0.3942582330395723,51.0,0.4226008837243366,1.5364086687306502,0.7113004418621683,2.4638085574158635,0.10194565827698167,0.3405550873950037
12,0,46.4,5.0,0,232,35,0.11224589890076053,0.0359801816351605,0.6083632440798137,0.08217171285748709,1.0,1.0,1.0,0.5410858564287435,0.09224214802338254,-0.005944714158327554,0.10752423852682114,-0.003413090482354164,0.9475797414779663,453.0,1.7354603109094215,-85.80519104003906,0.0,0.0,1,0.0,0.0,1,0.2,0.004310344827586207,2,0.2,0.004310344827586207,2,,,,,,,7.2,0.15517241379310345,2.948796396349481,18.4,0.396551724137931,0.0,0.0,0.0,0.0,0.0,0.0,0.0,0.0,0.0,0.0,0.4379,0.4379,0.0718,0.0,0.3879,0.0072,0.3879,0.0647,0.0718,0.0718,0.0,0.0,0.004329004329004329,0.2,0.004329004329004329,0.2,0.11224589890076053,0.7993200297156969,0.5029723570791638,72.11969757080078,0.0,0.09224214802338254,1.6991437490515668,261.0258483886719,0.01293103448275862,2.948796272277832,453.0,1.0,0.9475797414779663,0.34298820085779547,-0.005944714158327554,1.0,0.3521417484064863,1.6306425713047688,1.139643009833262,0.6083632440798137,0.08217171285748709,0.0359801816351605,0.0,0.4538789259883087,0.5461210740116913,46.4,0.09224214802338254,1.2032307356472387,0.49702764292083623,1.0119605302501744,0.14488589451434988,0.5083037231577322
13,1,47.4,5.0,0,237,61,0.061755524741278746,0.04503299979054948,0.9423157394107218,0.2536743696006356,1.0,1.0,1.0,0.6268371848003178,-0.026016903273220964,0.03337176261363987,-0.02269878424704075,0.030651945620775223,0.9939671754837036,1898.0,1.261787533746111,214.0379638671875,0.2,0.0042194092827004225,2,3.0,0.06329113924050633,16,5.4,0.1139240506329114,28,6.4,0.13502109704641352,33,0.0,0.0,1,0.0,0.0,1,42.6,0.8987341772151899,13.129496402877697,,,0.0,2.0,0.0,1.0,0.0,0.0,0.0,0.0,0.0,1.0,1.0,0.0961,0.3934,1.0,0.1922,0.1907,0.3797,0.6153,0.1517,1.0,0.00423728813559322,0.2,0.11440677966101695,5.4,0.13559322033898305,6.4,0.061755524741278746,0.6912257224321364,0.4833141186931801,66.65711212158203,1.0,-0.026016903273220964,10.405473069299626,1504.2152099609375,1.0,13.129495620727539,1898.0,1.0,0.9939671754837036,1.1025990344656995,0.03337176261363987,1.0,0.25842148224819705,1.0454246289319595,1.000608226260169,0.9423157394107218,0.2536743696006356,0.04503299979054948,0.0,0.5130084516366105,0.48699154836338954,47.4,0.03337176261363987,1.0534237264705204,0.5166858813068199,1.069047771051822,0.22872714930476665,0.8896740593108766
14,1,44.0,5.0,0,220,65,0.10678997635841368,0.09189152005335134,0.9943925023743229,0.3031420112138371,1.0,1.0,1.0,0.6515710056069186,-0.2605339337407527,0.1891998141596083,-0.287352055311203,0.15804819762706757,0.935470461845398,430.0,1.6904327992124566,-62.273956298828125,0.0,0.0,1,0.0,0.0,1,0.2,0.004545454545454546,2,6.0,0.13636363636363635,31,,,,,,,7.0,0.1590909090909091,4.909908881225879,20.2,0.45909090909090905,0.0,2.0,0.0,0.0,0.0,0.0,0.0,0.0,1.0,1.0,1.0,0.3443,0.6002,0.0,0.4091,0.0076,0.4091,0.9229,1.0,1.0,0.0,0.0,0.0045662100456621,0.2,0.136986301369863,6.0,0.10678997635841368,0.747727242608865,0.40540009292019585,95.47862243652344,0.0,-0.2605339337407527,2.9045277015729383,254.3727264404297,0.6681818181818182,4.909908771514893,430.0,1.0,0.935470461845398,0.8596931780187347,0.1891998141596083,1.0,0.3876201708302062,1.8989203384884739,1.5974666764857501,0.9943925023743229,0.3031420112138371,0.09189152005335134,0.0,0.6302669668703763,0.3697330331296237,44.0,0.2605339337407527,1.7046541974771638,0.5945999070798041,1.4666989906113632,0.16275329688002574,0.5831732616212063
15,0,46.4,5.0,0,232,35,0.11224589890076053,0.0359801816351605,0.6083632440798137,0.08217171285748709,1.0,1.0,1.0,0.5410858564287435,0.09224214802338254,-0.005944714158327554,0.10752423852682114,-0.003413090482354164,0.9475797414779663,453.0,1.7354603109094215,-85.80519104003906,0.0,0.0,1,0.0,0.0,1,0.2,0.004310344827586207,2,0.2,0.004310344827586207,2,,,,,,,7.2,0.15517241379310345,2.948796396349481,18.4,0.396551724137931,0.0,0.0,0.0,0.0,0.0,0.0,0.0,0.0,0.0,0.0,0.4379,0.4379,0.0718,0.0,0.3879,0.0072,0.3879,0.0647,0.0718,0.0718,0.0,0.0,0.004329004329004329,0.2,0.004329004329004329,0.2,0.11224589890076053,0.7993200297156969,0.5029723570791638,72.11969757080078,0.0,0.09224214802338254,1.6991437490515668,261.0258483886719,0.01293103448275862,2.948796272277832,453.0,1.0,0.9475797414779663,0.34298820085779547,-0.005944714158327554,1.0,0.3521417484064863,1.6306425713047688,1.139643009833262,0.6083632440798137,0.08217171285748709,0.0359801816351605,0.0,0.4538789259883087,0.5461210740116913,46.4,0.09224214802338254,1.2032307356472387,0.49702764292083623,1.0119605302501744,0.14488589451434988,0.5083037231577322
16,1,28.6,5.0,0,143,137,0.08459536896811591,0.09415735471912542,0.6185407126646579,0.1163490336918917,0.9940063327550888,0.9891024231910706,1.0,0.5551776832234903,0.0832880034450715,0.08805897418462863,0.23527900874614716,0.05382221192121506,0.9367471933364868,5404.0,2.1893543423722686,-4236.510559082031,0.2,0.006993006993006993,2,18.0,0.6293706293706294,91,27.6,0.965034965034965,139,28.2,0.9860139860139859,142,0.0,0.0,1,0.0,0.0,1,8.6,0.3006993006993007,24.026427291602754,14.8,0.5174825174825175,0.0,1.0,0.0,1.0,0.0,0.0,0.0,0.0,0.0,0.0,1.0,0.0911,0.4728,1.0,0.1822,0.8171,0.3601,0.6752,0.4003,0.8171,0.007042253521126761,0.2,0.971830985915493,27.6,0.9929577464788732,28.2,0.08459536896811591,0.7993186450718591,0.4559705129076857,151.73729705810547,0.5244755244755245,0.0832880034450715,10.974207180050703,2468.3076171875,0.5384615384615384,24.02642822265625,5404.0,0.9940063327550888,0.9367471933364868,9.904592847489763,0.08805897418462863,1.0,0.28359228032002903,1.1875595664158123,1.0889084698561886,0.6185407126646579,0.1163490336918917,0.09415735471912542,0.0,0.45835599827746426,0.5416440017225358,28.6,0.08805897418462863,1.1817102945266866,0.5440294870923144,1.193124273811225,0.19791879150517894,0.7402696487925144
17,2,54.4,5.0,0,272,263,0.033087343805366085,0.08516827812047499,0.9277823598651354,0.2664753189928052,1.0,1.0,1.0,0.6332376594964026,-0.20610327057159217,-0.0002357775607127219,-0.21510951220989227,0.008187211118638515,0.9654749631881714,154.0,1.4108929407081554,-39.07777404785156,0.0,0.0,1,0.0,0.0,1,0.2,0.0036764705882352945,2,1.2,0.022058823529411766,7,0.0,0.0,1,2.2,0.04044117647058824,12,7.6,0.13970588235294118,11.826140377822147,31.2,0.5735294117647058,0.0,2.0,0.0,1.0,0.0,0.0,0.0,0.0,0.0,1.0,1.0,0.1193,0.6274,1.0,0.2386,0.0062,0.2757,0.8174,0.9368,1.0,0.0,0.0,0.0036900369003690036,0.2,0.02214022140221402,1.2,0.033087343805366085,0.9817001554183661,0.5001178887803563,72.74919891357422,1.0,-0.20610327057159217,8.382025417159586,109.1507339477539,1.0,11.826140403747559,154.0,1.0,0.9654749631881714,1.645058669001325,-0.0002357775607127219,1.0,0.3433258109063963,1.5684755847353304,1.3218778368564388,0.9277823598651354,0.2664753189928052,0.08516827812047499,0.0,0.6030516352857961,0.3969483647142039,54.4,0.20610327057159217,1.5192193466270683,0.49988211121964365,1.0004716663297621,0.15679207787396005,0.5578413357833346
18,2,56.0,5.0,17,297,292,0.07448671261469521,0.006507235209518783,0.05857737724746159,0.0,0.9998199254274369,0.9996725916862488,1.0,0.49990996271371846,-0.07941235526403854,0.08429823974298908,-0.07089093327522278,0.07899892330169678,0.9816203713417053,284.0,1.330566904612612,-66.35482788085938,1.2,0.02142857142857143,24,2.8,0.049999999999999996,32,15.8,0.28214285714285714,97,55.0,0.9821428571428571,293,0.0,0.0,18,0.0,0.0,18,2.0,0.03571428571428571,17.199612403100776,34.8,0.6214285714285713,0.0,2.0,0.0,1.0,0.0,0.0,0.0,0.0,0.0,1.0,1.0,0.0774,0.4372,1.0,0.1547,0.4719,0.3214,0.6964,0.3832,1.0,0.021505376344086023,1.2,0.2831541218637993,15.8,0.985663082437276,55.0,0.07448671261469521,0.7692749227086703,0.45785088012850544,152.2045440673828,0.9785714285714285,-0.07941235526403854,12.926529689133167,213.44285583496094,0.9821428571428571,17.199613571166992,284.0,0.9998199254274369,0.9816203713417053,2.650635068547196,0.08429823974298908,1.0,0.2925005019744328,1.240285694014143,1.1716487935656836,0.05857737724746159,0.0,0.006507235209518783,3.4,0.5397061776320193,0.4602938223679807,56.0,0.08429823974298908,1.172525355338253,0.5421491198714945,1.184117238606878,0.21064520447091895,0.8005723370429253
19,2,81.4,5.0,3,410,85,0.010585771666632752,0.052538945774893375,0.9102592393165855,0.3213990925457394,1.0,1.0,1.0,0.6606995462728698,-0.20071312511283626,-0.024214659685863876,-0.2125818431377411,-0.015817448496818542,0.9670736789703369,318.0,1.460394449387068,-56.46665954589844,0.0,0.0,4,0.0,0.0,4,0.2,0.002457002457002457,5,0.8,0.009828009828009828,8,0.0,0.0,4,0.0,0.0,4,0.2,0.002457002457002457,19.866308490035607,52.2,0.6412776412776413,0.0,2.0,0.0,1.0,0.0,0.0,0.0,0.0,0.0,1.0,1.0,0.0735,0.5299,1.0,0.0882,0.0041,0.0882,0.7897,0.9123,1.0,0.0,0.0,0.0024630541871921183,0.2,0.009852216748768473,0.8,0.010585771666632752,0.9909553697022299,0.512107329842932,125.66297912597656,1.0,-0.20071312511283626,13.603385147357162,217.7493896484375,1.0,19.866308212280273,318.0,1.0,0.9670736789703369,2.034680242991623,-0.024214659685863876,1.0,0.3316708792200758,1.4888063481343914,1.2344196203594826,0.9102592393165855,0.3213990925457394,0.052538945774893375,0.6,0.6003565625564181,0.3996434374435819,81.4,0.20071312511283626,1.5022305042633688,0.48789267015706805,1.0496311200536552,0.1804364506228561,0.6604849035562348
20,2,48.8,5.0,0,244,223,0.030503133932749445,0.07466280897752806,0.5058705958778451,0.050266702427686605,1.0,1.0,1.0,0.5251333512138433,-0.2931799890962901,-0.03336015992107791,-0.3017081618309021,-0.0305233895778656,0.9612402319908142,231.0,1.4632777956325378,-57.1851806640625,0.0,0.0,1,9.8,0.20081967213114757,50,12.8,0.26229508196721313,65,34.0,0.6967213114754098,171,0.0,0.0,1,0.2,0.004098360655737705,2,2.8,0.05737704918032787,16.004988567865308,,,0.0,3.0,0.0,1.0,0.0,0.0,0.0,0.0,1.0,1.0,1.0,0.0914,0.5504,1.0,0.1829,0.439,0.2542,0.8052,1.0,1.0,0.0,0.0,0.26337448559670784,12.8,0.6995884773662552,34.0,0.030503133932749445,0.9622292121251425,0.516680079960539,106.51901054382324,1.0,-0.2931799890962901,10.937764429655232,157.86476135253906,1.0,16.004989624023438,231.0,1.0,0.9612402319908142,2.008307511327877,-0.03336015992107791,1.0,0.3381707728653392,1.5328913819479857,1.0964646464646466,0.5058705958778451,0.050266702427686605,0.07466280897752806,0.0,0.646589994548145,0.35341000545185497,48.8,0.2931799890962901,1.829574671270109,0.48331992003946106,1.0690229360262127,0.17490069835665517,0.6359259958467057
21,2,53.6,5.0,0,268,64,0.018228534195158186,0.018126589226231043,0.9914087557311051,0.26476767247866806,1.0,1.0,1.0,0.632383836239334,-0.0014258071086668703,0.00575415011711987,-0.0008601381559856236,0.009993419982492924,0.9945166110992432,234.0,1.5967001955760498,-68.87641143798828,0.0,0.0,1,3.4,0.06343283582089553,18,5.8,0.10820895522388059,30,14.0,0.26119402985074625,71,0.0,0.0,1,0.0,0.0,1,2.4,0.04477611940298507,16.427969671440604,32.0,0.5970149253731343,0.0,2.0,0.0,1.0,0.0,0.0,0.0,0.0,0.0,1.0,1.0,0.0972,0.3596,1.0,0.1519,0.181,0.1519,0.6089,0.0262,1.0,0.0,0.0,0.10861423220973783,5.8,0.26217228464419473,14.0,0.018228534195158186,0.9462187017003695,0.49712292494144006,94.701416015625,1.0,-0.0014258071086668703,10.288699706988549,146.55224609375,1.0,16.427968978881836,234.0,1.0,0.9945166110992432,2.2337457951730175,0.00575415011711987,1.0,0.25572868927589365,1.0307881773399012,1.014238109663738,0.9914087557311051,0.26476767247866806,0.018126589226231043,0.0,0.5007129035543334,0.4992870964456666,53.6,0.00575415011711987,1.0028556858745536,0.5028770750585599,1.0115749039692703,0.24498421427843975,0.9734268564106023
22,2,50.2,5.0,0,251,41,0.015210780832502574,0.005826872393994064,0.8451795140524414,0.18550319322321773,1.0,1.0,1.0,0.5927515966116088,-0.06701915495570707,-0.11618199526923612,-0.06749805808067322,-0.11513465642929077,0.9903866648674011,231.0,1.3445804949349138,-29.807220458984375,0.0,0.0,1,0.0,0.0,1,0.2,0.00398406374501992,2,25.8,0.5139442231075697,130,0.0,0.0,1,0.0,0.0,1,2.6,0.05179282868525896,22.492697176241478,,,0.0,2.0,0.0,1.0,0.0,0.0,0.0,0.0,0.0,1.0,1.0,0.0598,0.4546,1.0,0.1196,0.0067,0.1268,0.7044,0.5281,1.0,0.0,0.0,0.004,0.2,0.516,25.8,0.015210780832502574,0.933046977656583,0.558090997634618,75.07637786865234,1.0,-0.06701915495570707,16.72841252178785,171.80079650878906,1.0,22.49269676208496,231.0,1.0,0.9903866648674011,1.6581457798353696,-0.11618199526923612,1.0,0.2958350725847595,1.2603655524452493,1.128039614466354,0.8451795140524414,0.18550319322321773,0.005826872393994064,0.0,0.5335095774778535,0.46649042252214645,50.2,0.11618199526923612,1.1436667329488965,0.44190900236538194,1.2629093198992443,0.20423449747228792,0.7699548302491622
23,2,44.8,5.0,4,228,81,0.01970862017737492,0.03263844743103456,0.9966823633873984,0.3546604054092164,1.0,1.0,1.0,0.6773302027046082,0.3669222343921139,0.05773744327961195,0.47932061553001404,0.0806918814778328,0.8646147847175598,237.0,4.153340635268346,-6.689189910888672,0.0,0.0,5,0.0,0.0,5,0.2,0.004464285714285715,6,14.0,0.3125,75,0.0,0.0,5,0.0,0.0,5,1.4,0.03125,28.46846846846847,2.4,0.053571428571428575,0.0,2.0,0.0,0.0,0.0,0.0,0.0,0.0,1.0,1.0,1.0,0.1459,0.6774,0.9607,0.1642,0.0075,0.1642,0.8208,1.0,1.0,0.0,0.0,0.004484304932735426,0.2,0.31390134529147984,14.0,0.01970862017737492,0.8595202987392743,0.47113127836019403,87.91827392578125,0.7857142857142857,0.3669222343921139,6.854354513542993,57.0625,0.8303571428571429,28.468469619750977,237.0,1.0,0.8646147847175598,4.668811878525262,0.05773744327961195,1.0,0.3592552026286966,1.6820512820512818,1.1081081081081081,0.9966823633873984,0.3546604054092164,0.03263844743103456,0.8,0.31653888280394304,0.683461117196057,44.8,0.3669222343921139,2.1591695501730106,0.528868721639806,1.1225506476253737,0.14692536379283366,0.5166911225238443
24,2,47.8,5.0,2,241,39,0.027902806798617053,0.014339462878639585,0.6140435175216865,0.15419149020016307,1.0,1.0,1.0,0.5770957451000815,0.024081227237611743,-0.07250855313983004,0.026486417278647423,-0.07508143037557602,0.993330180644989,277.0,1.4612735940487391,-51.177215576171875,0.0,0.0,3,0.0,0.0,3,10.4,0.2175732217573222,55,27.0,0.5648535564853557,138,0.0,0.0,3,0.0,0.0,3,2.0,0.041841004184100423,18.554491258624154,,,0.0,2.0,0.0,1.0,0.0,0.0,0.0,0.0,0.0,1.0,1.0,0.0788,0.3912,1.0,0.1575,0.3641,0.2325,0.6722,0.3296,1.0,0.0,0.0,0.2184873949579832,10.4,0.5672268907563025,27.0,0.027902806798617053,0.8436276217301686,0.536254276569915,68.68915557861328,1.0,0.024081227237611743,12.69747931588145,189.5606689453125,1.0,18.55449104309082,277.0,1.0,0.993330180644989,1.6841947713248222,-0.07250855313983004,1.0,0.2823087959386381,1.1800707365831156,1.111690569317688,0.6140435175216865,0.15419149020016307,0.014339462878639585,0.4,0.4879593863811942,0.5120406136188058,47.8,0.07250855313983004,1.0493508843352781,0.463745723430085,1.1563541170871012,0.22973181768016776,0.8947473994899274
25,0,12.0,5.0,0,60,40,0.024687856435775757,0.6679759101761051,0.9890320269707837,0.6685039685734444,1.0,1.0,1.0,0.8342519842867222,0.6549867155945814,0.20751075262411686,0.6538006663322449,0.20948173105716705,0.8075364828109741,1661.0,1.18737567248988,-220.949951171875,0.2,0.016666666666666666,2,0.4,0.03333333333333333,3,0.6,0.049999999999999996,4,0.8,0.06666666666666667,5,0.0,0.0,1,0.0,0.0,1,0.2,0.016666666666666666,13.36283185840708,,,0.0,4.0,1.0,0.0,0.0,0.0,1.0,1.0,1.0,0.0,1.0,0.0889,1.0,0.8973,0.1777,0.0847,0.2057,1.0,1.0,0.3429,0.01694915254237288,0.2,0.05084745762711865,0.6,0.06779661016949153,0.8,0.024687856435775757,0.8484110037485758,0.39624462368794156,126.31731224060059,1.0,0.6549867155945814,11.254089609781902,1398.88330078125,1.0,13.362831115722656,1661.0,1.0,0.8075364828109741,1.004781702400127,0.20751075262411686,1.0,0.5267892247387798,3.3396696711818326,1.7518522920876423,0.9890320269707837,0.6685039685734444,0.6679759101761051,0.0,0.17250664220270928,0.8274933577972907,12.0,0.6549867155945814,4.796878237447339,0.6037553763120584,1.523693547417163,0.07696615157327868,0.25015166574161324
26,2,42.2,5.0,30,241,79,0.02299678325653076,0.07208855325369805,0.9767970938858896,0.44444282356979387,1.0,1.0,1.0,0.722221411784897,-0.2565508344755301,0.0037087801338385874,-0.2575265169143677,0.0019582791719585657,0.9265584945678711,154.0,1.3099250286157504,-14.699996948242188,1.6,0.037914691943127965,39,1.8,0.042654028436018954,40,2.0,0.04739336492890995,41,4.4,0.1042654028436019,53,0.0,0.0,31,0.4,0.009478672985781991,33,2.0,0.04739336492890995,13.79557466630834,,,0.0,4.0,1.0,1.0,0.0,0.0,0.0,0.0,1.0,1.0,1.0,0.095,1.0,1.0,0.1899,0.0794,0.1916,0.9413,1.0,1.0,0.0380952380952381,1.6,0.047619047619047616,2.0,0.10476190476190476,4.4,0.02299678325653076,0.9549951865337789,0.4981456099330807,70.0959701538086,1.0,-0.2565508344755301,10.531575849270933,117.56398010253906,1.0,13.795575141906738,154.0,1.0,0.9265584945678711,1.0835410289745386,0.0037087801338385874,1.0,0.3953478997016851,1.9615307687179147,1.4700944386149004,0.9767970938858896,0.44444282356979387,0.07208855325369805,6.0,0.6282754172377651,0.3717245827622349,42.2,0.2565508344755301,1.690163756642447,0.5018543900669192,1.0074451727765636,0.10279771023139563,0.34372753414809487
27,0,19.6,5.0,0,98,27,0.08746209740638733,0.1220183512434099,0.805047070392097,0.22353271081775344,1.0,1.0,1.0,0.6117663554088767,-0.2861331561046171,-0.037608976113217875,-0.2924189567565918,-0.07025764882564545,0.9597739577293396,1538.0,2.94624509311707,-371.375,0.0,0.0,1,0.2,0.01020408163265306,2,5.6,0.2857142857142857,29,11.0,0.5612244897959183,56,0.0,0.0,1,0.0,0.0,1,0.4,0.02040816326530612,23.18010550113037,1.2,0.06122448979591836,0.0,2.0,0.0,1.0,0.0,0.0,0.0,0.0,1.0,0.0,1.0,0.1271,0.6072,1.0,0.2542,0.4811,0.7289,0.7477,1.0,0.56,0.0,0.0,0.28865979381443296,5.6,0.5670103092783505,11.0,0.08746209740638733,0.9489603396505116,0.518804488056609,49.02326202392578,1.0,-0.2861331561046171,7.86767755722513,522.0203857421875,1.0,23.180105209350586,1538.0,1.0,0.9597739577293396,3.9320612249851745,-0.037608976113217875,1.0,0.32303842996207827,1.4315661815661815,1.009406303444906,0.805047070392097,0.22353271081775344,0.1220183512434099,0.0,0.6430665780523086,0.3569334219476915,19.6,0.2861331561046171,1.8016429353778751,0.48119551194339105,1.0781573709225332,0.1611673638531608,0.5763987602824319
28,0,20.6,5.0,0,103,37,0.08649937642945184,0.04068386427675861,0.9197535068287107,0.24021868555273468,1.0,1.0,1.0,0.6201093427763673,-0.045838183934807916,-0.08401241753977494,-0.005927762947976589,-0.1288331300020218,0.983443021774292,1348.0,3.367384645409373,-736.2647399902344,0.0,0.0,1,0.2,0.009708737864077669,2,7.2,0.34951456310679613,37,7.6,0.3689320388349514,39,0.0,0.0,1,0.0,0.0,1,1.0,0.04854368932038835,39.848646091994794,4.2,0.20388349514563106,0.0,1.0,0.0,1.0,0.0,0.0,0.0,0.0,0.0,0.0,1.0,0.0845,0.4595,1.0,0.169,0.5882,0.7208,0.6538,0.3819,0.5886,0.0,0.0,0.35294117647058826,7.2,0.37254901960784315,7.6,0.08649937642945184,0.8678543965021769,0.5420062087698875,101.48518753051758,0.4563106796116505,-0.045838183934807916,11.833708152030278,400.3106689453125,1.0,39.8486442565918,1348.0,1.0,0.983443021774292,13.233959757545263,-0.08401241753977494,1.0,0.27459254947613504,1.135606820461384,1.0268456375838926,0.9197535068287107,0.24021868555273468,0.04068386427675861,0.0,0.522919091967404,0.47708090803259606,20.6,0.08401241753977494,1.0960805246301664,0.4579937912301125,1.1834357127727178,0.202488358556461,0.761700574765076
29,0,20.6,5.0,0,103,37,0.08649937642945184,0.04068386427675861,0.9197535068287107,0.24021868555273468,1.0,1.0,1.0,0.6201093427763673,-0.045838183934807916,-0.08401241753977494,-0.005927762947976589,-0.1288331300020218,0.983443021774292,1348.0,3.367384645409373,-736.2647399902344,0.0,0.0,1,0.2,0.009708737864077669,2,7.2,0.34951456310679613,37,7.6,0.3689320388349514,39,0.0,0.0,1,0.0,0.0,1,1.0,0.04854368932038835,39.848646091994794,4.2,0.20388349514563106,0.0,1.0,0.0,1.0,0.0,0.0,0.0,0.0,0.0,0.0,1.0,0.0845,0.4595,1.0,0.169,0.5882,0.7208,0.6538,0.3819,0.5886,0.0,0.0,0.35294117647058826,7.2,0.37254901960784315,7.6,0.08649937642945184,0.8678543965021769,0.5420062087698875,101.48518753051758,0.4563106796116505,-0.045838183934807916,11.833708152030278,400.3106689453125,1.0,39.8486442565918,1348.0,1.0,0.983443021774292,13.233959757545263,-0.08401241753977494,1.0,0.27459254947613504,1.135606820461384,1.0268456375838926,0.9197535068287107,0.24021868555273468,0.04068386427675861,0.0,0.522919091967404,0.47708090803259606,20.6,0.08401241753977494,1.0960805246301664,0.4579937912301125,1.1834357127727178,0.202488358556461,0.761700574765076
2,1,32.0,5.0,0,160,154,0.06977232297261556,0.08438875077362444,0.050900672889163306,0.0,0.9990547150373459,0.9982813000679016,1.0,0.49952735751867294,-0.24915764139590854,0.2993983152827918,-0.24161584675312042,0.2706395983695984,0.9223843812942505,550.0,2.647412755716005,-128.52830505371094,0.0,0.0,1,0.2,0.00625,2,0.2,0.00625,2,,,,0.4,0.0125,3,,,,1.6,0.05,5.887768428715182,3.6,0.1125,0.0,2.0,0.0,0.0,0.0,0.0,0.0,0.0,1.0,1.0,1.0,0.4496,0.6948,0.175,0.5625,0.0105,0.5625,0.9954,1.0,0.9143,0.0,0.0,0.006289308176100629,0.2,,,0.06977232297261556,0.5807377199331919,0.3503008423586041,81.05921173095703,0.04375,-0.24915764139590854,2.223970708413981,207.75,0.325,5.887768268585205,550.0,0.9990547150373459,0.9223843812942505,1.1104866399517124,0.2993983152827918,1.0,0.4180505415162455,2.1550868486352353,1.8046753246753247,0.050900672889163306,0.0,0.08438875077362444,0.0,0.6245788206979543,0.3754211793020457,32.0,0.2993983152827918,1.6636749739562466,0.649699157641396,1.8546891102713845,0.1437725631768953,0.5037419626857805
30,0,32.2,5.0,0,161,64,0.06048655758301416,0.5778227141282668,0.19721039119709358,0.1475165526626802,1.0,1.0,1.0,0.5737582763313401,-0.024279028272429247,-0.0069176467256236145,0.006479323375970125,0.053528591990470886,0.9854339361190796,2281.0,2.600249143638321,-1369.9623107910156,0.0,0.0,1,0.0,0.0,1,0.2,0.006211180124223602,2,15.2,0.47204968944099374,77,0.0,0.0,1,0.0,0.0,1,7.0,0.21739130434782608,57.770236044980244,8.6,0.26708074534161486,0.0,2.0,0.0,1.0,0.0,0.0,0.0,0.0,0.0,1.0,1.0,0.045,0.3689,1.0,0.09,0.0104,0.5041,0.6102,0.1104,0.92,0.0,0.0,0.00625,0.2,0.475,15.2,0.06048655758301416,0.9198170229792594,0.5034588233628119,105.10848236083984,1.0,-0.024279028272429247,22.217191835367903,877.2236328125,1.0,57.77023696899414,2281.0,1.0,0.9854339361190796,20.22052737339847,-0.0069176467256236145,1.0,0.2562644707681632,1.033691926884996,1.0015219436604128,0.19721039119709358,0.1475165526626802,0.5778227141282668,0.0,0.5121395141362146,0.4878604858637854,32.2,0.024279028272429247,1.0497663347943456,0.49654117663718816,1.0139316678074382,0.24027670586902494,0.9488061287256053
31,1,29.6,5.0,0,148,26,0.035150566862689116,0.08866288420214609,0.9811327049380808,0.29489779457011345,1.0,1.0,1.0,0.6474488972850567,-0.0055163035445058685,0.29142992284269964,-0.04138166829943657,0.15382368862628937,0.964691698551178,2714.0,2.3748602706879227,-1722.8775939941406,0.2,0.006756756756756757,2,0.8,0.02702702702702703,5,3.0,0.10135135135135134,16,3.2,0.10810810810810811,17,0.0,0.0,1,0.0,0.0,1,5.6,0.18918918918918917,19.713378803396452,10.8,0.36486486486486486,0.0,1.0,0.0,1.0,0.0,0.0,0.0,0.0,0.0,0.0,1.0,0.1205,0.6125,1.0,0.2409,0.1701,0.2929,0.8161,0.749,0.8457,0.006802721088435374,0.2,0.10204081632653061,3.0,0.10884353741496598,3.2,0.035150566862689116,0.8902512742982557,0.35428503857865024,80.58024597167969,0.38513513513513514,-0.0055163035445058685,8.300858212383213,1142.8040771484375,0.9662162162162162,19.71337890625,2714.0,1.0,0.964691698551178,6.597251056660382,0.29142992284269964,1.0,0.34274987436071774,1.5644723111798784,1.1313180594043948,0.9811327049380808,0.29489779457011345,0.08866288420214609,0.0,0.5027581517722529,0.4972418482277471,29.6,0.29142992284269964,1.0110938038786697,0.6457149614213498,1.8225860285037212,0.16000827741153517,0.5714637648516246
32,1,8.0,5.0,0,40,20,0.10050761368539599,0.12260422287567327,0.9964431240254723,0.3995236734505727,1.0,1.0,1.0,0.6997618367252864,0.18156138514692147,0.19623664989815096,0.18118971586227417,0.20321133732795715,0.9660433530807495,2536.0,1.1416095273337372,42.6923828125,1.4,0.175,8,1.8,0.225,10,4.0,0.5,21,,,,0.0,0.0,1,0.0,0.0,1,3.6,0.45,18.38760431847679,,,0.0,1.0,0.0,1.0,0.0,0.0,0.0,0.0,0.0,0.0,1.0,0.0621,0.5977,1.0,0.1242,0.2286,0.6825,0.8386,0.892,0.2286,0.1794871794871795,1.4,0.5128205128205128,4.0,,,0.10050761368539599,0.6073029541100065,0.40188167505092454,81.42618560791016,1.0,0.18156138514692147,16.10673656463623,2221.425048828125,1.0,18.387603759765625,2536.0,1.0,0.9660433530807495,1.2213613366847074,0.19623664989815096,1.0,0.35220635402950806,1.631104393599833,1.4322456638140129,0.9964431240254723,0.3995236734505727,0.12260422287567327,0.0,0.4092193074265393,0.5907806925734607,8.0,0.19623664989815096,1.4436774654859468,0.5981183249490755,1.4882945953514422,0.16330733650697188,0.5855459607779842
33,2,30.8,5.0,0,154,51,0.11922726531823474,0.08234262966798592,0.9877372082550746,0.29503991896153026,1.0,1.0,1.0,0.6475199594807651,-0.2812699292943297,-0.20413142936364898,-0.2576785981655121,-0.3048071563243866,0.9069432020187378,2386.0,2.547095554303835,-1646.8431091308594,0.0,0.0,1,0.0,0.0,1,0.0,0.0,1,0.2,0.006493506493506494,2,0.0,0.0,1,0.0,0.0,1,4.6,0.14935064935064934,28.262105562399316,9.0,0.2922077922077922,0.0,4.0,1.0,1.0,0.0,0.0,0.0,0.0,1.0,1.0,1.0,0.0901,1.0,1.0,0.1802,0.0,0.5844,0.8091,1.0,0.88,0.0,0.0,0.0,0.0,0.006535947712418301,0.2,0.11922726531823474,0.984684154333081,0.6020657146818245,87.14927673339844,0.44155844155844154,-0.2812699292943297,11.095816935037638,936.7532348632812,0.9935064935064936,28.262104034423828,2386.0,1.0,0.9069432020187378,10.049844639569821,-0.20413142936364898,1.0,0.33983086094551507,1.5442899743794365,1.1297414389086051,0.9877372082550746,0.29503991896153026,0.08234262966798592,0.0,0.6406349646471649,0.35936503535283515,30.8,0.2812699292943297,1.782685853169245,0.3979342853181755,1.5129777375187263,0.09713018161652572,0.32273816104661873
34,2,40.2,5.0,0,201,47,0.08061503950092527,0.11778661303568481,0.6567257131428775,0.1472561630892812,1.0,1.0,1.0,0.5736280815446406,0.15370670737525044,0.0038164297299875965,0.09295053780078888,-0.09204062819480896,0.9444916844367981,345.0,3.3081289399391776,-173.2388038635254,0.0,0.0,1,0.0,0.0,1,0.0,0.0,1,0.2,0.004975124378109453,2,8.2,0.20398009950248752,42,,,,8.2,0.20398009950248752,5.114293338077025,12.2,0.30348258706467657,0.0,0.0,0.0,0.0,0.0,0.0,0.0,0.0,0.0,0.0,0.7437,0.3721,0.5115,0.0199,0.4478,0.0,0.4478,0.7437,0.6987,0.7437,0.0,0.0,0.0,0.0,0.005,0.2,0.08061503950092527,0.9405680795510609,0.4980917851350062,77.31973266601562,0.004975124378109453,0.15370670737525044,1.545977597805991,104.28855895996094,0.24875621890547264,5.114293098449707,345.0,1.0,0.9444916844367981,1.3716369127348829,0.0038164297299875965,1.0,0.3123747733994848,1.3628416816983489,1.1810966810966812,0.6567257131428775,0.1472561630892812,0.11778661303568481,0.0,0.42314664631237475,0.5768533536876252,40.2,0.15370670737525044,1.3632468996617815,0.5019082148649938,1.00766210133129,0.1857170117355214,0.6842228601558381
35,2,27.2,5.0,0,136,28,0.09301921228567758,0.3729823392058663,0.8995160595072339,0.4762491993565501,1.0,1.0,1.0,0.738124599678275,0.05687124189593201,0.22073297725822164,-0.20040617883205414,0.5592343807220459,0.7279407382011414,1887.0,8.620779864645598,-352.3777770996094,0.0,0.0,1,5.6,0.20588235294117646,29,7.4,0.2720588235294118,38,12.8,0.4705882352941177,65,0.0,0.0,1,0.0,0.0,1,0.0,0.0,27.724721577385324,1.6,0.05882352941176471,0.0,0.0,0.0,0.0,0.0,0.0,0.0,0.0,0.0,0.0,0.8301,0.3109,0.668,0.5588,0.6219,0.4568,0.6618,0.7688,0.8301,0.7771,0.0,0.0,0.2740740740740741,7.4,0.4740740740740741,12.8,0.09301921228567758,0.9629094377160072,0.3896335113708892,91.84546661376953,0.13970588235294118,0.05687124189593201,3.216034001287292,218.88970947265625,0.23529411764705882,27.724721908569336,1887.0,1.0,0.7279407382011414,5.5645838762115964,0.22073297725822164,1.0,0.32288622392421645,1.4305700253013842,1.1231596167328814,0.8995160595072339,0.4762491993565501,0.3729823392058663,0.0,0.47156437905203397,0.528435620947966,27.2,0.22073297725822164,1.1206012252457616,0.6103664886291108,1.5665143546857487,0.14867815512781754,0.5239316576569467
36,1,21.2,5.0,0,106,26,0.05319828705655203,0.3433322765600539,0.41910951827884824,0.1412208974194511,1.0,1.0,1.0,0.5706104487097255,-0.025621187323314983,0.13497991370331797,-0.0032969540916383266,0.0007882831851020455,0.9814466238021851,2226.0,3.510727704205746,-1065.7999877929688,0.0,0.0,1,0.0,0.0,1,0.0,0.0,1,0.2,0.009433962264150945,2,0.0,0.0,1,0.0,0.0,1,1.0,0.04716981132075472,20.39376643365613,3.4,0.16037735849056603,0.0,1.0,0.0,1.0,0.0,0.0,0.0,0.0,0.0,0.0,1.0,0.1721,0.4505,1.0,0.3443,0.0,0.4433,0.7312,0.6135,0.6057,0.0,0.0,0.0,0.0,0.009523809523809525,0.2,0.05319828705655203,0.9666098741193613,0.432510043148341,69.5851058959961,0.2830188679245283,-0.025621187323314983,5.808985710144043,634.0565795898438,0.5754716981132075,20.393766403198242,2226.0,1.0,0.9814466238021851,6.085148302520551,0.13497991370331797,1.0,0.30711203689927097,1.3297043097339434,1.1794857142857145,0.41910951827884824,0.1412208974194511,0.3433322765600539,0.0,0.5128105936616575,0.4871894063383425,21.2,0.13497991370331797,1.052589787441974,0.5674899568516589,1.3120850390450307,0.20569855676238655,0.7769036246136556
37,1,22.0,5.0,0,110,106,0.1652476042509079,0.057281788205717166,0.25137306012822014,0.0,0.9944999724626542,0.9899999499320984,1.0,0.4972499862313271,-0.1324359365466748,-0.08604713239780354,-0.17225463688373566,-0.050399694591760635,0.9237350225448608,2675.0,2.8051594677908334,-2407.4165573120117,0.0,0.0,1,0.2,0.009090909090909092,2,21.2,0.9636363636363636,107,21.6,0.9818181818181819,109,0.0,0.0,1,0.0,0.0,1,5.0,0.22727272727272727,28.066898896210184,7.4,0.33636363636363636,0.0,1.0,0.0,1.0,0.0,0.0,0.0,0.0,0.0,0.0,1.0,0.0999,0.5609,1.0,0.1999,0.6286,0.3599,0.6781,0.602,0.6286,0.0,0.0,0.9724770642201835,21.2,0.9908256880733946,21.6,0.1652476042509079,0.7502110699812571,0.5430235661989018,129.65547943115234,0.35454545454545455,-0.1324359365466748,10.005455976656892,953.5999755859375,0.42727272727272725,28.0669002532959,2675.0,0.9944999724626542,0.9237350225448608,11.707687910039747,-0.08604713239780354,1.0,0.284786836485662,1.194553670207803,1.0119237153212968,0.25137306012822014,0.0,0.057281788205717166,0.0,0.5662179682733375,0.43378203172666263,22.0,0.1324359365466748,1.3053052613071954,0.4569764338010982,1.1882966517158653,0.17218959731543623,0.6240182417025588
38,1,35.6,5.0,2,180,168,0.15515612562497458,0.004389291940716626,0.05882285667582664,0.0,0.9957514137029648,0.9922752976417542,1.0,0.4978757068514824,-0.06524334002495795,0.048450979328305575,-0.18716050684452057,0.1859004646539688,0.9111127257347107,1948.0,4.703271619042455,-969.9152145385742,0.0,0.0,3,5.2,0.14606741573033707,29,33.2,0.9325842696629214,169,,,,0.0,0.0,3,0.0,0.0,3,3.4,0.09550561797752809,55.15444944647357,6.2,0.17415730337078653,0.0,2.0,0.0,1.0,0.0,0.0,0.0,0.0,0.0,1.0,1.0,0.0853,0.3846,1.0,0.1705,1.0,0.3732,0.6895,0.2966,1.0,0.0,0.0,0.9378531073446328,33.2,,,0.15515612562497458,0.7011192242304484,0.47577451033584717,169.07715606689453,0.2752808988764045,-0.06524334002495795,11.726826210370225,414.1797790527344,0.550561797752809,55.154449462890625,1948.0,0.9957514137029648,0.9111127257347107,18.78349355663162,0.048450979328305575,1.0,0.28958005534154413,1.2228544152744631,1.1914834244893404,0.05882285667582664,0.0,0.004389291940716626,0.4,0.532621670012479,0.46737832998752105,35.6,0.06524334002495795,1.1395942769248628,0.5242254896641527,1.1018360132284182,0.23273289566491237,0.9099812608280593
39,1,19.4,5.0,0,97,62,0.043318255080117114,0.09599823516352016,0.8601412805750422,0.2380697578692812,1.0,1.0,1.0,0.6190348789346406,0.09449122581474577,0.02742602472627542,-0.05892958119511604,-0.18455784022808075,0.9486261606216431,2102.0,2.184375792243845,-1959.84375,0.0,0.0,1,0.0,0.0,1,0.2,0.010309278350515465,2,,,,0.0,0.0,1,0.0,0.0,1,2.0,0.10309278350515465,47.718501702610666,8.2,0.422680412371134,0.0,1.0,0.0,1.0,0.0,0.0,0.0,0.0,0.0,0.0,1.0,0.0458,0.4543,1.0,0.0916,0.0174,0.361,0.6713,0.4295,0.5543,0.0,0.0,0.010416666666666666,0.2,,,0.043318255080117114,0.7259117901946107,0.4862869876368623,46.55957794189453,0.6082474226804123,0.09449122581474577,21.845372458094175,962.2886352539062,0.6907216494845361,47.718502044677734,2102.0,1.0,0.9486261606216431,20.70857823743308,0.02742602472627542,1.0,0.28194167684429305,1.177933606863111,1.0627120012921984,0.8601412805750422,0.2380697578692812,0.09599823516352016,0.0,0.4527543870926271,0.5472456129073728,19.4,0.09449122581474577,1.208703059558458,0.5137130123631377,1.0563988455861295,0.20434531079256926,0.7704798836645661
3,1,31.8,5.0,0,159,82,0.05766580833329095,0.4399573385853473,0.8378027762416483,0.4788800574134978,1.0,1.0,1.0,0.7394400287067489,-0.04480862416290086,-0.13203027168290957,-0.04842919483780861,-0.136843740940094,0.962562620639801,172.0,1.4889747799945803,-3.7735824584960938,0.0,0.0,1,0.0,0.0,1,0.0,0.0,1,4.2,0.1320754716981132,22,0.0,0.0,1,,,,1.0,0.031446540880503145,9.857298412516476,15.0,0.4716981132075472,0.0,2.0,0.0,1.0,0.0,0.0,0.0,0.0,0.0,1.0,1.0,0.1511,0.5887,1.0,0.3021,0.0,0.4805,0.85,0.6001,0.9086,0.0,0.0,0.0,0.0,0.13291139240506328,4.2,0.05766580833329095,0.8971717233459154,0.5660151358414548,40.610252380371094,0.9433962264150944,-0.04480862416290086,6.620191433144815,115.5157241821289,1.0,9.857298851013184,172.0,1.0,0.962562620639801,0.9788443161207498,-0.13203027168290957,1.0,0.3569989655360157,1.6656223539373414,1.329211433204946,0.8378027762416483,0.4788800574134978,0.4399573385853473,0.0,0.5224043120814504,0.47759568791854956,31.8,0.13203027168290957,1.0938212494300046,0.4339848641585452,1.3042278258687743,0.16540534654543473,0.5945593319851261
40,1,16.8,5.0,0,84,39,0.05677142077022129,0.07955045332128552,0.9764210626021597,0.28798575796172265,1.0,1.0,1.0,0.6439928789808613,-0.08431192915243886,-0.11432220093834153,0.050610825419425964,-0.061924174427986145,0.9485442042350769,1926.0,2.2456899456653434,-1710.9285507202148,0.0,0.0,1,0.0,0.0,1,0.2,0.011904761904761904,2,0.8,0.047619047619047616,5,0.0,0.0,1,0.0,0.0,1,3.4,0.20238095238095236,26.451320505953607,7.2,0.42857142857142855,0.0,2.0,0.0,1.0,0.0,0.0,1.0,0.0,0.0,0.0,1.0,0.0849,0.6444,1.0,0.1698,0.0201,0.4731,0.7251,0.5196,0.48,0.0,0.0,0.012048192771084338,0.2,0.04819277108433735,0.8,0.05677142077022129,0.9398842106262842,0.5571611004691708,63.53132629394531,0.4642857142857143,-0.08431192915243886,11.778705182529631,857.6428833007812,0.5238095238095238,26.45132064819336,1926.0,1.0,0.9485442042350769,11.35483234105919,-0.11432220093834153,1.0,0.3045445712223425,1.3137200111771985,1.0518241526439427,0.9764210626021597,0.28798575796172265,0.07955045332128552,0.0,0.5421559645762195,0.4578440354237806,16.8,0.11432220093834153,1.1841498908561727,0.4428388995308292,1.2581575400432563,0.15329946420143806,0.5431653496835962
41,1,34.8,5.0,2,176,174,0.07766684889793395,0.004483574304622955,0.2783122027721275,0.0,0.9979717433452606,0.9963122606277466,1.0,0.4989858716726303,0.006685609226140732,-0.3020223967909076,0.24193963408470154,-0.3389674425125122,0.8503153324127197,929.0,13.50877412138693,-147.44827270507812,0.0,0.0,3,16.0,0.4597701149425288,83,20.8,0.5977011494252874,107,34.4,0.9885057471264368,175,0.0,0.0,3,0.0,0.0,3,0.0,0.0,26.633410739371005,1.6,0.04597701149425288,0.0,1.0,0.0,0.0,0.0,1.0,0.0,0.0,0.0,0.0,0.9943,0.3618,0.6066,0.2759,0.5172,0.9943,0.5172,0.546,0.6066,0.6066,0.0,0.0,0.6011560693641619,20.8,0.9942196531791907,34.4,0.07766684889793395,0.9674835979628066,0.6510111983954538,128.81985092163086,0.06896551724137931,0.006685609226140732,1.9715637582215084,68.7701187133789,0.10919540229885058,26.633411407470703,929.0,0.9979717433452606,0.8503153324127197,4.6120163876095335,-0.3020223967909076,1.0,0.3554237004847067,1.6542201478024112,1.2024314390726605,0.2783122027721275,0.0,0.004483574304622955,0.4,0.49665719538692965,0.5033428046130703,34.8,0.3020223967909076,1.0134612148746425,0.34898880160454626,1.8654214559386972,0.1479191041283637,0.5207924676343665
42,1,5.8,5.0,0,29,21,0.17532291677263045,0.029959666083493996,0.9979872513290973,0.3539734587062956,1.0,1.0,1.0,0.6769867293531477,-0.025714285714285714,-0.020344827586206895,-0.031446926295757294,-0.0202228594571352,0.987119197845459,1616.0,1.1542857142857144,-26.888916015625,1.2,0.20689655172413793,7,2.2,0.37931034482758624,12,2.4,0.41379310344827586,13,4.2,0.7241379310344828,22,0.0,0.0,1,0.0,0.0,1,4.8,0.8275862068965517,14.867015649005952,,,0.0,2.0,0.0,1.0,0.0,0.0,1.0,0.0,0.0,0.0,1.0,0.0776,0.4782,1.0,0.1553,0.1657,0.8167,0.6993,0.1169,0.1657,0.21428571428571427,1.2,0.42857142857142855,2.4,0.75,4.2,0.17532291677263045,0.941973162194093,0.5101724137931034,37.952308654785156,1.0,-0.025714285714285714,12.87984039043558,1400.0,1.0,14.867015838623047,1616.0,1.0,0.987119197845459,1.435714981734416,-0.020344827586206895,1.0,0.2936945812807882,1.2474543171990515,1.0092255607278884,0.9979872513290973,0.3539734587062956,0.029959666083493996,0.0,0.5128571428571429,0.4871428571428571,5.8,0.025714285714285714,1.0527859237536659,0.4898275862068966,1.0415346708905313,0.19613300492610838,0.731960658148727
43,1,21.4,5.0,0,107,35,0.1286909480889638,0.08600904950615772,0.9005736302548127,0.25329133988048524,1.0,1.0,1.0,0.6266456699402426,-0.020128783653602392,-0.10040730788081596,0.01161467656493187,0.10985378921031952,0.9421917796134949,1879.0,3.3979447786468193,-1515.799949645996,0.0,0.0,1,0.0,0.0,1,0.2,0.009345794392523366,2,9.0,0.42056074766355145,46,0.0,0.0,1,0.0,0.0,1,1.8,0.08411214953271029,32.69645715876661,6.0,0.28037383177570097,0.0,1.0,0.0,1.0,0.0,0.0,0.0,0.0,0.0,0.0,1.0,0.1039,0.5295,1.0,0.2078,0.0157,0.8411,0.7366,0.4564,0.6114,0.0,0.0,0.009433962264150943,0.2,0.42452830188679247,9.0,0.1286909480889638,0.937712116787831,0.550203653940408,85.57153701782227,0.29906542056074764,-0.020128783653602392,9.622421327595399,552.9813232421875,0.32710280373831774,32.69645690917969,1879.0,1.0,0.9421917796134949,13.400479734933757,-0.10040730788081596,1.0,0.30938498200070985,1.3439541883855812,1.1490804092649551,0.9005736302548127,0.25329133988048524,0.08600904950615772,0.0,0.5100643918268012,0.4899356081731988,21.4,0.10040730788081596,1.041084549311808,0.449796346059592,1.2232283760426845,0.18055062617248896,0.6609949263704987
44,1,23.0,5.0,0,115,39,0.17608245701477343,0.2875215841702134,0.954995097138306,0.3812583406542597,1.0,1.0,1.0,0.6906291703271299,-0.06803930116360954,0.052982797357566815,-0.021332968026399612,0.03597460314631462,0.9779581427574158,1715.0,3.3068139156919303,-1423.9736328125,0.0,0.0,1,0.0,0.0,1,1.2,0.05217391304347826,7,8.8,0.3826086956521739,45,0.0,0.0,1,0.0,0.0,1,1.4,0.0608695652173913,34.66257048729713,6.6,0.28695652173913044,0.0,1.0,0.0,1.0,0.0,0.0,0.0,0.0,0.0,0.0,1.0,0.0954,0.4906,1.0,0.1908,0.0877,0.7826,0.67,0.3093,0.6571,0.0,0.0,0.05263157894736842,1.2,0.38596491228070173,8.8,0.17608245701477343,0.9888509332668036,0.4735086013212166,102.88402938842773,0.3130434782608696,-0.06803930116360954,10.482165236058442,518.6260986328125,0.34782608695652173,34.66257095336914,1715.0,1.0,0.9779581427574158,14.47452309948309,0.052982797357566815,1.0,0.28139566077596323,1.1747590937726033,1.0274886739316762,0.954995097138306,0.3812583406542597,0.2875215841702134,0.0,0.5340196505818047,0.4659803494181952,23.0,0.06803930116360954,1.1460132412204949,0.5264913986787834,1.111894054743104,0.19211294054525335,0.7133903370413416
45,1,26.2,5.0,0,131,52,0.10199607246451906,0.09130878873663324,0.9059637139063227,0.258636251321478,1.0,1.0,1.0,0.629318125660739,-0.12131048212585475,0.2270261692489685,-0.16050224006175995,0.04864621162414551,0.9450696706771851,2556.0,2.41521691186309,-2221.8373107910156,0.0,0.0,1,0.2,0.0076335877862595426,2,0.2,0.0076335877862595426,2,14.0,0.5343511450381679,71,0.0,0.0,1,0.0,0.0,1,6.6,0.25190839694656486,19.0550030565537,9.6,0.366412213740458,0.0,1.0,0.0,1.0,0.0,0.0,0.0,0.0,0.0,0.0,1.0,0.1267,0.5804,1.0,0.2535,0.0128,0.687,0.8132,0.9453,0.7486,0.0,0.0,0.007692307692307693,0.2,0.5384615384615384,14.0,0.10199607246451906,0.9285129370788732,0.3864869153755157,91.07229614257812,0.3816793893129771,-0.12131048212585475,7.889562045799867,1058.2900390625,0.6030534351145038,19.055004119873047,2556.0,1.0,0.9450696706771851,7.797307004482824,0.2270261692489685,1.0,0.3415346663204363,1.5560485063590654,1.2557417917572802,0.9059637139063227,0.258636251321478,0.09130878873663324,0.0,0.5606552410629274,0.4393447589370726,26.2,0.2270261692489685,1.2761168300251196,0.6135130846244843,1.5874097161307181,0.1673663406330246,0.6030251314615405
46,1,21.2,5.0,0,106,40,0.14338078018691802,0.05847407269894191,0.9703453670816626,0.2744097198903023,1.0,1.0,1.0,0.6372048599451512,-0.13393722064546829,0.18322258289288082,-0.13325031101703644,0.2224908024072647,0.9359977841377258,1696.0,3.0552846565407563,-1529.6000175476074,0.0,0.0,1,0.0,0.0,1,0.2,0.009433962264150945,2,1.4,0.0660377358490566,8,0.0,0.0,1,0.0,0.0,1,5.0,0.2358490566037736,31.671926646622715,6.8,0.32075471698113206,0.0,1.0,0.0,1.0,0.0,0.0,0.0,0.0,0.0,0.0,1.0,0.0965,0.7093,1.0,0.1929,0.0159,0.8491,0.7139,0.8328,0.6057,0.0,0.0,0.009523809523809525,0.2,0.06666666666666667,1.4,0.14338078018691802,0.8701428969701132,0.4083887085535596,53.24059295654297,0.33962264150943394,-0.13393722064546829,10.366277190030745,555.103759765625,0.3584905660377358,31.671926498413086,1696.0,1.0,0.9359977841377258,13.48344703740745,0.18322258289288082,1.0,0.2998249519892592,1.284642831136678,1.0275496534451627,0.9703453670816626,0.2744097198903023,0.05847407269894191,0.0,0.5669686103227342,0.43303138967726584,21.2,0.18322258289288082,1.3093014128728415,0.5916112914464404,1.4486475239284229,0.14124505022008463,0.493429645754997
47,1,26.8,5.0,0,134,53,0.10449711564514372,0.05599883186444849,0.9533387378701494,0.26466878486729895,1.0,1.0,1.0,0.6323343924336495,-0.13839138605131676,0.2595851553663511,-0.10617343336343765,0.04192107170820236,0.9413961172103882,2040.0,2.434562593435704,-1763.8636932373047,0.0,0.0,1,0.2,0.007462686567164179,2,0.2,0.007462686567164179,2,0.6,0.022388059701492536,4,0.0,0.0,1,0.0,0.0,1,3.0,0.11194029850746269,16.226793299288886,9.6,0.3582089552238806,0.0,1.0,0.0,1.0,0.0,0.0,0.0,0.0,0.0,0.0,1.0,0.15,0.6326,1.0,0.3001,0.0125,0.6716,0.8445,0.9787,0.7657,0.0,0.0,0.007518796992481203,0.2,0.022556390977443608,0.6,0.10449711564514372,0.9356394931674002,0.37020742231682446,71.05907440185547,0.373134328358209,-0.13839138605131676,6.665177936429408,837.932861328125,0.5,16.22679328918457,2040.0,1.0,0.9413961172103882,6.65228015202154,0.2595851553663511,1.0,0.3547019584442881,1.6490145743623716,1.2894004144004145,0.9533387378701494,0.26466878486729895,0.05599883186444849,0.0,0.5691956930256583,0.4308043069743416,26.8,0.2595851553663511,1.3212395600760771,0.6297925776831755,1.701188414164742,0.15571368773545416,0.5532969757064947
48,1,44.0,5.0,0,220,80,0.031774736113018454,0.4702767861949903,0.9781323766452326,0.5642045814201114,1.0,1.0,1.0,0.7821022907100557,-0.02732226156720806,0.0021559890763220135,-0.16895344853401184,-0.16414013504981995,0.9165072441101074,1807.0,5.194496157319822,-899.2191581726074,0.0,0.0,1,0.0,0.0,1,0.0,0.0,1,2.6,0.05909090909090909,14,0.0,0.0,1,0.0,0.0,1,1.2,0.02727272727272727,60.34396393387878,7.4,0.16818181818181818,0.0,1.0,0.0,0.0,0.0,0.0,0.0,0.0,0.0,1.0,0.8182,0.0861,0.3834,0.8182,0.1722,0.0,0.2648,0.6325,0.1242,0.8182,0.0,0.0,0.0,0.0,0.0593607305936073,2.6,0.031774736113018454,0.8256419003009796,0.498922005461839,79.90922546386719,0.20454545454545456,-0.02732226156720806,11.616903713887387,347.8681945800781,0.42727272727272725,60.343963623046875,1807.0,1.0,0.9165072441101074,20.790344347482282,0.0021559890763220135,1.0,0.2656309208033346,1.085139318885449,1.049726324486213,0.9781323766452326,0.5642045814201114,0.4702767861949903,0.0,0.5136611307836041,0.48633886921639596,44.0,0.02732226156720806,1.0561794734013972,0.5010779945381609,1.004321294817065,0.2332910846585044,0.9128278541847742
49,1,15.6,5.0,0,78,34,0.06131635771857366,0.36550520382165685,0.9646138402664451,0.5050595220440509,1.0,1.0,1.0,0.7525297610220254,-0.22088021178027797,-0.052241892786234284,-0.3609296381473541,0.0025379990693181753,0.9140199422836304,1856.0,2.994043558741286,-1698.4615211486816,0.0,0.0,1,0.2,0.012820512820512822,2,0.6,0.038461538461538464,4,8.6,0.5512820512820513,44,0.0,0.0,1,0.0,0.0,1,3.8,0.24358974358974358,45.27491828072401,5.0,0.32051282051282054,0.0,3.0,0.0,1.0,0.0,0.0,1.0,0.0,1.0,0.0,1.0,0.0661,0.5909,1.0,0.1323,0.0649,0.511,0.7357,1.0,0.4457,0.0,0.0,0.03896103896103896,0.6,0.5584415584415584,8.6,0.06131635771857366,0.8520893032352129,0.5261209463931171,85.19001770019531,0.34615384615384615,-0.22088021178027797,15.121662508218716,619.8974609375,0.3974358974358974,45.27491760253906,1856.0,1.0,0.9140199422836304,19.75545068662207,-0.052241892786234284,1.0,0.30898411647915286,1.3414342152520053,1.024972557628979,0.9646138402664451,0.5050595220440509,0.36550520382165685,0.0,0.610440105890139,0.389559894109861,15.6,0.22088021178027797,1.566999362922064,0.47387905360688287,1.110243093440405,0.16489493712772998,0.592362366576686
4,1,23.4,5.0,0,117,18,0.03206537829505072,0.05820560480684215,0.9342491167577299,0.25622736078228603,1.0,1.0,1.0,0.628113680391143,-0.03478832773720101,-0.01938454082868912,0.06619248539209366,-0.017395801842212677,0.9906060695648193,2149.0,4.351708163824387,-824.3846282958984,0.0,0.0,1,0.0,0.0,1,0.2,0.008547008547008548,2,,,,0.0,0.0,1,0.0,0.0,1,0.8,0.03418803418803419,49.76841130152849,3.2,0.13675213675213677,0.0,1.0,0.0,1.0,0.0,0.0,0.0,0.0,0.0,0.0,1.0,0.0874,0.3685,1.0,0.1749,0.0144,0.2672,0.641,0.1581,0.6686,0.0,0.0,0.008620689655172414,0.2,,,0.03206537829505072,0.7189491627116997,0.5096922704143445,92.54029846191406,0.6410256410256411,-0.03478832773720101,11.436522915831997,493.8290710449219,1.0,49.768409729003906,2149.0,1.0,0.9906060695648193,13.94240608157192,-0.01938454082868912,1.0,0.26922011838416005,1.1052033252019042,1.084803682265151,0.9342491167577299,0.25622736078228603,0.05820560480684215,0.0,0.5173941638686005,0.4826058361313995,23.4,0.03478832773720101,1.072084349447712,0.49030772958565544,1.0395354583642202,0.2404721520301845,0.9498222586819796
50,1,17.8,5.0,0,89,37,0.029421772393915392,0.2851683478518988,0.9816747202554843,0.3934215340536915,1.0,1.0,1.0,0.6967107670268458,-0.061270897376510716,-0.11032972586010864,-0.3628043830394745,-0.28595420718193054,0.8701778650283813,1490.0,2.792142204796547,-1363.2069396972656,0.0,0.0,1,0.0,0.0,1,0.0,0.0,1,0.2,0.011235955056179775,2,0.0,0.0,1,0.0,0.0,1,1.8,0.10112359550561797,25.391956373551466,6.0,0.33707865168539325,0.0,1.0,0.0,0.0,0.0,0.0,1.0,0.0,0.0,0.0,0.9669,0.11,0.4175,0.9669,0.2199,0.0,0.2452,0.7243,0.5015,0.5086,0.0,0.0,0.0,0.0,0.011363636363636364,0.2,0.029421772393915392,0.9565832995188731,0.5551648629300543,75.21028137207031,0.34831460674157305,-0.061270897376510716,9.09407712636369,533.6404418945312,0.39325842696629215,25.391956329345703,1490.0,1.0,0.8701778650283813,10.729298134871051,-0.11032972586010864,1.0,0.3042068471806965,1.3116262179991527,1.2121822300528566,0.9816747202554843,0.3934215340536915,0.2851683478518988,0.0,0.5306354486882554,0.46936455131174465,17.8,0.11032972586010864,1.1305401040732102,0.4448351370699457,1.2480238557296348,0.21840653556238682,0.8383125454594433
51,1,5.8,5.0,2,31,9,0.09111401107576156,0.36496339756002805,1.0,0.682481698780014,1.0,1.0,1.0,0.841240849390007,-0.2828584277012387,0.045255713176076205,-0.30742841958999634,0.04879981651902199,0.9582593441009521,1066.0,1.2638076497316642,-412.66668701171875,0.4,0.06896551724137931,5,0.8,0.13793103448275862,7,1.4,0.24137931034482757,10,1.8,0.3103448275862069,12,0.0,0.0,3,0.0,0.0,3,0.6,0.10344827586206896,14.9651841868823,5.0,0.8620689655172414,0.0,3.0,0.0,1.0,0.0,0.0,1.0,0.0,1.0,0.0,1.0,0.0844,0.613,1.0,0.1689,0.1657,0.7593,0.7558,1.0,0.1657,0.07142857142857142,0.4,0.25,1.4,0.32142857142857145,1.8,0.09111401107576156,0.925238346060117,0.4773721434119619,19.548507690429688,1.0,-0.2828584277012387,11.84134603368825,843.4827880859375,1.0,14.965184211730957,1066.0,1.0,0.9582593441009521,2.766277106961301,0.045255713176076205,1.0,0.32394423776624015,1.4375037794037613,1.020345093999485,1.0,0.682481698780014,0.36496339756002805,0.4,0.6414292138506194,0.35857078614938065,5.8,0.2828584277012387,1.7888496180595144,0.5226278565880381,1.0948017470240645,0.15988716732758268,0.570948905109489
52,1,6.6,5.0,2,35,15,0.10201101170645818,0.13920413149106292,1.0,0.4896020657455314,1.0,1.0,1.0,0.7448010328727657,0.13812351279827428,0.19340849956634865,0.13781268894672394,0.19326846301555634,0.9785745739936829,1489.0,1.0927346809920917,78.0,0.2,0.030303030303030307,4,0.4,0.060606060606060615,5,2.0,0.30303030303030304,13,2.4,0.36363636363636365,15,0.0,0.0,3,0.0,0.0,3,3.4,0.5151515151515151,19.372129633243564,,,0.0,2.0,0.0,1.0,0.0,0.0,1.0,0.0,0.0,0.0,1.0,0.0564,0.5968,1.0,0.1128,0.1886,0.8501,0.784,0.8791,0.1886,0.03125,0.2,0.3125,2.0,0.375,2.4,0.10201101170645818,0.8151156107584634,0.4032957502168257,56.36223602294922,1.0,0.13812351279827428,17.728118549693715,1362.6363525390625,1.0,19.372129440307617,1489.0,1.0,0.9785745739936829,0.8834831479739074,0.19340849956634865,1.0,0.32928592078635444,1.4728448275862067,1.2313513513513514,1.0,0.4896020657455314,0.13920413149106292,0.4,0.43093824360086286,0.5690617563991371,6.6,0.19340849956634865,1.3205181133243884,0.5967042497831743,1.4795698924731182,0.16351991460404297,0.5864571702025841
53,1,23.4,5.0,0,117,47,0.039374202489852905,0.0411262357482685,0.8851044398039496,0.22311533777610904,1.0,1.0,1.0,0.6115576688880545,-0.25836075742173364,-0.10556694636365203,-0.5205019116401672,-0.24754297733306885,0.823428750038147,1647.0,3.3201641254003103,-1327.7435493469238,0.0,0.0,1,0.0,0.0,1,0.2,0.008547008547008548,2,0.2,0.008547008547008548,2,0.0,0.0,1,0.0,0.0,1,0.2,0.008547008547008548,39.91275899672846,6.8,0.2905982905982906,0.0,1.0,0.0,0.0,0.0,0.0,0.0,0.0,1.0,0.0,1.0,0.0832,0.6828,0.9149,0.1664,0.0144,0.3281,0.7807,1.0,0.6686,0.0,0.0,0.008620689655172414,0.2,0.008620689655172414,0.2,0.039374202489852905,0.8277215436100959,0.552783473181826,92.46064758300781,0.29914529914529914,-0.25836075742173364,12.021321434750517,496.059814453125,0.3504273504273504,39.91276168823242,1647.0,1.0,0.823428750038147,16.689878791197827,-0.10556694636365203,1.0,0.32790020503454576,1.4636228465955703,1.0883563994052385,0.8851044398039496,0.22311533777610904,0.0411262357482685,0.0,0.6291803787108668,0.37081962128913315,23.4,0.25836075742173364,1.69672892853824,0.447216526818174,1.2360533210047773,0.14593635314185288,0.5126187738304182
54,1,20.6,5.0,3,106,53,0.04580016599761114,0.0434140298577897,0.9303994382582952,0.3269067340580425,1.0,1.0,1.0,0.6634533670290212,-0.11955683616736333,-0.03697090215494501,-0.1518993228673935,-0.21650876104831696,0.8992934226989746,1382.0,2.8883972988272064,-1284.5000305175781,0.0,0.0,4,0.0,0.0,4,0.2,0.009708737864077669,5,2.4,0.11650485436893203,16,0.0,0.0,4,0.0,0.0,4,1.4,0.06796116504854369,48.46741951322157,7.0,0.3398058252427184,0.0,0.0,0.0,0.0,0.0,0.0,0.0,0.0,0.0,0.0,0.9992,0.0596,0.4447,0.9992,0.1192,0.0163,0.3817,0.6812,0.5434,0.5886,0.0,0.0,0.00980392156862745,0.2,0.11764705882352941,2.4,0.04580016599761114,0.895574318865935,0.5184854510774726,89.52653121948242,0.3592233009708738,-0.11955683616736333,16.780038710358074,478.4660339355469,0.4563106796116505,48.4674186706543,1382.0,1.0,0.8992934226989746,21.38490821333201,-0.03697090215494501,1.0,0.2860882269388418,1.2021999261006737,1.045299525504152,0.9303994382582952,0.3269067340580425,0.0434140298577897,0.6,0.5597784180836817,0.4402215819163183,20.6,0.11955683616736333,1.271583314127679,0.4815145489225275,1.0767804466919513,0.2078243577776876,0.7870389344262295
55,1,14.2,5.0,0,71,18,0.057290969623459705,0.034297631484210486,0.9548285579053429,0.2545630946947767,1.0,1.0,1.0,0.6272815473473884,-0.16538900027518968,-0.02425600503203994,-0.48362016677856445,-0.13219217956066132,0.8656606078147888,1751.0,4.887408065256791,-883.6956481933594,0.0,0.0,1,0.0,0.0,1,0.2,0.014084507042253523,2,6.4,0.45070422535211274,33,0.0,0.0,1,0.0,0.0,1,1.2,0.08450704225352113,45.947151591487575,2.4,0.16901408450704225,0.0,1.0,0.0,0.0,0.0,0.0,1.0,0.0,0.0,0.0,0.7887,0.1064,0.4908,0.7887,0.2127,0.0238,0.4774,0.7044,0.7518,0.4057,0.0,0.0,0.014285714285714285,0.2,0.45714285714285713,6.4,0.057290969623459705,0.9517085899909336,0.51212800251602,112.35468292236328,0.19718309859154928,-0.16538900027518968,9.401128542255348,358.2676086425781,0.4084507042253521,45.9471549987793,1751.0,1.0,0.8656606078147888,15.673217544979229,-0.02425600503203994,1.0,0.2958289106419782,1.260328271549799,1.0312457174181169,0.9548285579053429,0.2545630946947767,0.034297631484210486,0.0,0.5826945001375948,0.41730549986240517,14.2,0.16538900027518968,1.3963259538389072,0.48787199748398,1.0497179693795327,0.1920430868420018,0.7130692876605683
56,0,14.4,5.0,0,72,15,0.048642655213673905,0.05374416956450678,0.8314168613328708,0.20258051544868882,1.0,1.0,1.0,0.6012902577243444,-0.20536830128145342,0.10943649624144298,-0.29061391949653625,0.0873289555311203,0.944560170173645,2734.0,1.8358918711377967,-1408.9583740234375,0.2,0.01388888888888889,2,0.2,0.01388888888888889,2,0.6,0.041666666666666664,4,1.4,0.09722222222222221,8,0.0,0.0,1,0.0,0.0,1,0.8,0.05555555555555556,27.094255106186882,4.8,0.3333333333333333,0.0,2.0,0.0,1.0,0.0,0.0,1.0,0.0,0.0,0.0,1.0,0.0678,0.5083,1.0,0.1355,0.0704,0.4054,0.8192,0.9335,0.4114,0.014084507042253521,0.2,0.04225352112676056,0.6,0.09859154929577464,1.4,0.048642655213673905,0.9771431324382622,0.44528175187927854,42.21620178222656,1.0,-0.20536830128145342,14.758088495996263,1489.1944580078125,1.0,27.094253540039062,2734.0,1.0,0.944560170173645,8.211610520661154,0.10943649624144298,1.0,0.3440711794221335,1.5736669984359446,1.3304482671571278,0.8314168613328708,0.20258051544868882,0.05374416956450678,0.0,0.6026841506407268,0.39731584935927333,14.4,0.20536830128145342,1.5168892748996503,0.5547182481207215,1.2457691018766754,0.18666878066068532,0.6885341773022808
57,0,16.6,5.0,0,83,53,0.03105326410796908,0.2198618309214577,0.8693100447443914,0.30458593783292454,1.0,1.0,1.0,0.6522929689164623,-0.036963565430139525,0.05468491701382001,-0.2759506404399872,-0.21016760170459747,0.8619310259819031,1541.0,2.819171768334712,-1172.7777481079102,0.0,0.0,1,0.2,0.012048192771084336,2,0.2,0.012048192771084336,2,0.6,0.03614457831325301,4,0.0,0.0,1,0.0,0.0,1,0.8,0.048192771084337345,16.644164821515364,5.2,0.3132530120481928,0.0,1.0,0.0,0.0,0.0,0.0,1.0,0.0,0.0,0.0,0.9577,0.1694,0.535,0.9577,0.2588,0.0203,0.2588,0.7202,0.2486,0.4743,0.0,0.0,0.012195121951219513,0.2,0.036585365853658534,0.6,0.03105326410796908,0.9368661784877379,0.47265754149309,70.17918395996094,0.40963855421686746,-0.036963565430139525,5.903920259102281,546.6144409179688,0.4578313253012048,16.6441650390625,1541.0,1.0,0.8619310259819031,5.90655058636397,0.05468491701382001,1.0,0.30249729991844654,1.3010586190551432,1.0301756493019065,0.8693100447443914,0.30458593783292454,0.2198618309214577,0.0,0.5184817827150698,0.48151821728493027,16.6,0.05468491701382001,1.0767646251029939,0.52734245850691,1.1156966983771683,0.17902091736648373,0.6541734904824549
58,0,10.6,5.0,0,53,12,0.08948393662770587,0.06181481461791705,0.9773736481764408,0.27959423139717887,1.0,1.0,1.0,0.6397971156985894,-0.28210622990968925,0.015306903413439462,-0.4580036699771881,-0.2884460389614105,0.794784426689148,1992.0,8.080208070087549,-591.88232421875,1.4,0.1320754716981132,8,2.0,0.18867924528301888,11,2.4,0.22641509433962265,13,3.0,0.2830188679245283,16,0.0,0.0,1,0.0,0.0,1,0.0,0.0,41.05100463678516,1.0,0.09433962264150944,0.0,2.0,0.0,0.0,0.0,0.0,1.0,0.0,1.0,0.0,1.0,0.1968,0.7095,0.5283,0.3937,0.3029,0.7457,0.836,1.0,0.3029,0.1346153846153846,1.4,0.23076923076923078,2.4,0.28846153846153844,3.0,0.08948393662770587,0.9768941939497987,0.4923465482932803,70.4454345703125,0.1320754716981132,-0.28210622990968925,5.080438976017934,246.52830505371094,0.24528301886792453,41.051002502441406,1992.0,1.0,0.794784426689148,10.12092173675041,0.015306903413439462,1.0,0.35114036430430123,1.6234961075725407,1.2111932418162619,0.9773736481764408,0.27959423139717887,0.06181481461791705,0.0,0.6410531149548446,0.3589468850451554,10.6,0.28210622990968925,1.7859275053304904,0.5076534517067197,1.0310896937665164,0.14120618398897902,0.4932715444256305
59,0,15.6,5.0,0,78,41,0.12466420067681207,0.052181623210189786,0.9556234701289323,0.26390254666956103,1.0,1.0,1.0,0.6319512733347805,-0.07812274368231047,0.009891696750902528,-0.0450194887816906,-0.16251622140407562,0.9382371306419373,1523.0,2.1442960336056838,-1348.500015258789,0.0,0.0,1,0.0,0.0,1,0.2,0.012820512820512822,2,6.4,0.4102564102564103,33,0.0,0.0,1,0.0,0.0,1,3.6,0.23076923076923078,38.455711544288455,7.2,0.46153846153846156,0.0,2.0,0.0,1.0,0.0,0.0,1.0,0.0,0.0,0.0,1.0,0.0558,0.4113,1.0,0.1115,0.0216,1.0,0.6526,0.3551,0.4457,0.0,0.0,0.012987012987012988,0.2,0.4155844155844156,6.4,0.12466420067681207,0.904111847281456,0.49505415162454874,77.88763809204102,0.47435897435897434,-0.07812274368231047,17.933956508453075,710.2564086914062,0.7051282051282052,38.455711364746094,1523.0,1.0,0.9382371306419373,16.846418714968994,0.009891696750902528,1.0,0.27409747292418774,1.1327862737784409,1.0344710130117856,0.9556234701289323,0.26390254666956103,0.052181623210189786,0.0,0.5390613718411552,0.4609386281588448,15.6,0.07812274368231047,1.169486215538847,0.5049458483754513,1.0199810398891564,0.220956678700361,0.8508769897356286
5,0,76.6,5.0,0,383,336,0.015489399433135985,0.5472885123526435,0.5035439425405676,0.3654162274466055,1.0,1.0,1.0,0.6827081137233028,-0.04548359168865435,0.3963143139841689,-0.07192233204841614,0.3876683712005615,0.9325851798057556,1070.0,2.1119001527346377,-439.5039367675781,0.0,0.0,1,0.2,0.0026109660574412537,2,0.2,0.0026109660574412537,2,0.6,0.00783289817232376,4,0.0,0.0,1,0.0,0.0,1,1.8,0.023498694516971282,28.07662030963002,17.2,0.2245430809399478,0.0,2.0,0.0,1.0,0.0,0.0,0.0,0.0,0.0,1.0,1.0,0.0752,0.7276,1.0,0.1291,0.0044,0.1291,0.9083,0.8113,1.0,0.0,0.0,0.002617801047120419,0.2,0.007853403141361256,0.6,0.015489399433135985,0.9684233348816632,0.30184284300791553,85.26628112792969,1.0,-0.04548359168865435,13.294482842437903,506.6527404785156,1.0,28.07662010192871,1070.0,1.0,0.9325851798057556,6.585059806491785,0.3963143139841689,1.0,0.384549183707124,1.8744756210907079,1.2262098430695916,0.5035439425405676,0.3654162274466055,0.5472885123526435,0.0,0.5227417958443271,0.4772582041556728,76.6,0.3963143139841689,1.0953018539914263,0.6981571569920844,2.3129823123676845,0.13819261213720316,0.4810562571756602
60,0,10.8,5.0,0,54,32,0.058380525559186935,0.17517477229847878,0.8979687955386872,0.2965717839185831,1.0,1.0,1.0,0.6482858919592915,0.00628908215338173,0.1411988787464961,-0.13683703541755676,0.043376658111810684,0.9555528163909912,2273.0,2.205527078991521,-1245.6666259765625,0.0,0.0,1,0.0,0.0,1,0.2,0.018518518518518517,2,0.4,0.037037037037037035,3,0.0,0.0,1,0.0,0.0,1,1.0,0.09259259259259259,18.820431719010045,3.0,0.27777777777777773,0.0,2.0,0.0,1.0,0.0,0.0,1.0,0.0,0.0,0.0,1.0,0.1172,0.4567,1.0,0.2344,0.0314,0.4865,0.7135,0.6418,0.3086,0.0,0.0,0.018867924528301886,0.2,0.03773584905660377,0.4,0.058380525559186935,0.8976279140333645,0.42940056062675197,61.300323486328125,0.5370370370370371,0.00628908215338173,8.53330292083599,1030.5926513671875,1.0,18.820430755615234,2273.0,1.0,0.9555528163909912,5.559354402365115,0.1411988787464961,1.0,0.2996657802055631,1.2836690186016675,1.1060485475527257,0.8979687955386872,0.2965717839185831,0.17517477229847878,0.0,0.4968554589233092,0.5031445410766908,10.8,0.1411988787464961,1.0126577700625654,0.5705994393732481,1.3288278863455665,0.20347876087112773,0.7663779101245263
61,0,13.6,5.0,0,68,11,0.11596826546721986,0.18513251300221548,0.7996766164650354,0.25240456473362544,1.0,1.0,1.0,0.6262022823668127,0.07352601156069365,0.04551610239471511,-0.04365445673465729,-0.021998951211571693,0.9667491912841797,3128.0,1.7564327285758272,-1860.4090576171875,0.0,0.0,1,0.0,0.0,1,0.0,0.0,1,0.2,0.014705882352941178,2,0.0,0.0,1,0.0,0.0,1,1.6,0.11764705882352942,28.043499699662007,5.6,0.4117647058823529,0.0,2.0,0.0,1.0,0.0,0.0,1.0,0.0,0.0,0.0,1.0,0.0626,0.4261,1.0,0.1253,0.0,0.9664,0.7329,0.3342,0.3886,0.0,0.0,0.0,0.0,0.014925373134328358,0.2,0.11596826546721986,0.8446919818719227,0.4772419488026424,68.6810417175293,1.0,0.07352601156069365,15.966168031972998,1780.88232421875,1.0,28.043498992919922,3128.0,1.0,0.9667491912841797,9.007781024989018,0.04551610239471511,1.0,0.3078282411230388,1.3341843430125744,1.239707349517792,0.7996766164650354,0.25240456473362544,0.18513251300221548,0.0,0.46323699421965314,0.5367630057803467,13.6,0.07352601156069365,1.1587222360868479,0.5227580511973575,1.0953732221337855,0.21492981007431874,0.8213143722652305
62,0,17.0,5.0,0,85,73,0.010043209625615005,0.10547217926103428,0.7990546111736132,0.21226339521732374,1.0,1.0,1.0,0.6061316976086619,-0.11035304310158112,-0.12612085769980508,-0.16823557019233704,-0.24426913261413574,0.9384201169013977,1781.0,1.6394304202203227,-1036.5714721679688,0.0,0.0,1,0.0,0.0,1,0.2,0.011764705882352941,2,0.6,0.03529411764705882,4,0.0,0.0,1,0.0,0.0,1,4.4,0.25882352941176473,40.541770999317094,8.0,0.47058823529411764,0.0,2.0,0.0,1.0,0.0,0.0,1.0,0.0,0.0,0.0,1.0,0.0404,0.5313,1.0,0.0809,0.0198,0.0837,0.7102,0.5733,0.4857,0.0,0.0,0.011904761904761904,0.2,0.03571428571428571,0.6,0.010043209625615005,0.8239446555574734,0.5630604288499026,67.76563262939453,0.9647058823529412,-0.11035304310158112,24.72918128967285,1086.3529052734375,1.0,40.541770935058594,1781.0,1.0,0.9384201169013977,14.308240648748859,-0.12612085769980508,1.0,0.2982997617500541,1.2753298865653213,1.1266770287958112,0.7990546111736132,0.21226339521732374,0.10547217926103428,0.0,0.5551765215507906,0.44482347844920944,17.0,0.12612085769980508,1.248082775410834,0.4369395711500975,1.2886459959848315,0.18006281134936106,0.658816847833265
63,1,16.2,5.0,2,83,29,0.05630458063549464,0.09706281193517331,0.7258104889482173,0.2514366504416953,1.0,1.0,1.0,0.6257183252208476,-0.3459324198995573,-0.06434283514445202,-0.5782316327095032,-0.16774597764015198,0.7936702966690063,2305.0,3.267100750353722,-1676.6666870117188,0.2,0.01234567901234568,4,5.6,0.345679012345679,31,7.0,0.4320987654320988,38,8.8,0.54320987654321,47,0.0,0.0,3,0.0,0.0,3,0.2,0.01234567901234568,27.379198935715305,4.6,0.2839506172839506,0.0,1.0,0.0,0.0,0.0,0.0,0.0,0.0,1.0,0.0,1.0,0.1193,0.5998,0.8819,0.2387,0.4629,0.4692,0.8794,1.0,0.4629,0.0125,0.2,0.4375,7.0,0.55,8.8,0.05630458063549464,0.9328596889972687,0.5321714175722261,73.28042221069336,0.32098765432098764,-0.3459324198995573,8.380274206767847,705.5184936523438,0.43209876543209874,27.379199981689453,2305.0,1.0,0.7936702966690063,10.391605053808663,-0.06434283514445202,1.0,0.3693282237037815,1.7568324963236317,1.2163439372982943,0.7258104889482173,0.2514366504416953,0.09706281193517331,0.4,0.6729662099497786,0.3270337900502214,16.2,0.3459324198995573,2.0577880036385037,0.4678285824277739,1.1375350663923698,0.16284319386844454,0.583558035994231
64,2,24.4,5.0,0,122,39,0.04837431551681624,0.36112991993420773,0.8997799699492567,0.47045494494173223,1.0,1.0,1.0,0.7352274724708661,-0.25393824826717076,0.13659849916938763,-0.5928725004196167,0.3299946188926697,0.75565105676651,2641.0,3.691378888795427,-1606.75,0.0,0.0,1,0.0,0.0,1,0.2,0.00819672131147541,2,1.4,0.05737704918032787,8,0.0,0.0,1,0.0,0.0,1,0.8,0.03278688524590164,38.15867419918799,5.8,0.2377049180327869,0.0,1.0,0.0,0.0,0.0,0.0,0.0,0.0,1.0,0.0,1.0,0.0967,0.912,0.8396,0.1935,0.0138,0.4031,0.7578,1.0,0.6971,0.0,0.0,0.008264462809917356,0.2,0.05785123966942149,1.4,0.04837431551681624,0.8846685209621985,0.4317007504153062,43.469764709472656,0.3114754098360656,-0.25393824826717076,10.337241449316995,715.4508056640625,0.4262295081967213,38.15867233276367,2641.0,1.0,0.75565105676651,14.366346834903831,0.13659849916938763,1.0,0.31829065704302,1.400702485588962,1.0311398136807335,0.8997799699492567,0.47045494494173223,0.36112991993420773,0.0,0.6269691241335854,0.37303087586641465,24.4,0.25393824826717076,1.6807432432432432,0.5682992495846939,1.3164194156206046,0.11341009337228619,0.3837515829736645
65,1,39.0,5.0,0,195,94,0.18140830637680158,0.3429045099156521,0.98107608758159,0.42199029874862104,1.0,1.0,1.0,0.7109951493743105,-0.1516215741628733,1.0,-0.15647302567958832,1.0,0.4795435070991516,513.0,1.3512217797544985,35.907684326171875,2.2,0.05641025641025642,12,6.2,0.158974358974359,32,13.8,0.35384615384615387,70,19.2,0.4923076923076923,97,,,,,,,38.6,0.9897435897435898,3.6567632299270074,,,0.0,4.0,1.0,0.0,0.0,0.0,0.0,1.0,1.0,1.0,1.0,0.3695,1.0,0.0,0.4615,0.5928,0.4615,1.0,1.0,1.0,0.05670103092783505,2.2,0.3556701030927835,13.8,0.4948453608247423,19.2,0.18140830637680158,0.89897966136535,0.0,30.68981170654297,0.0,-0.1516215741628733,2.7062643442398464,379.6564025878906,0.676923076923077,3.6567630767822266,513.0,1.0,0.4795435070991516,0.4649311831850746,1.0,1.0,0.5758107870814366,4.072315628582346,1.357438542860782,0.98107608758159,0.42199029874862104,0.3429045099156521,0.0,0.5758107870814366,0.4241892129185633,39.0,1.0,1.357438542860782,1.0,1000000.0,0.0,0.0
66,1,35.8,5.0,0,179,27,0.04827883342901865,0.04414477360244751,0.9154128278341027,0.23977880071827512,1.0,1.0,1.0,0.6198894003591375,-0.127672518685903,0.7376730980937481,-0.12347552925348282,0.7264450192451477,0.7499432563781738,739.0,1.916116295281706,-82.83050537109375,0.0,0.0,1,0.0,0.0,1,0.0,0.0,1,0.2,0.005586592178770951,2,,,,,,,4.6,0.12849162011173185,3.545793029325963,11.6,0.3240223463687151,0.0,1.0,0.0,0.0,0.0,1.0,0.0,0.0,0.0,0.0,0.4171,0.4171,0.1862,0.0,0.4023,0.0,0.4023,0.1676,0.1862,0.1862,0.0,0.0,0.0,0.0,0.0056179775280898875,0.2,0.04827883342901865,0.8390575001637139,0.1311634509531259,102.12898254394531,0.0,-0.127672518685903,1.8505104024317012,385.67596435546875,0.0335195530726257,3.545793056488037,739.0,1.0,0.7499432563781738,0.4389517412965702,0.7376730980937481,1.0,0.45655889680746276,2.520377428898899,1.1074063663832479,0.9154128278341027,0.23977880071827512,0.04414477360244751,0.0,0.5638362593429515,0.4361637406570485,35.8,0.7376730980937481,1.2927169472950084,0.8688365490468741,6.624075096631696,0.023886088417637175,0.07341178565598706
67,0,50.0,5.0,0,250,180,0.11461431947019363,0.04166122251689015,0.9656292259608528,0.2636452242388715,1.0,1.0,1.0,0.6318226121194357,-0.39718301224577374,-0.2521495241160513,-0.4006296992301941,-0.2527509927749634,0.9095328450202942,712.0,1.3640473547001277,72.97589111328125,0.0,0.0,1,0.0,0.0,1,3.8,0.076,20,37.0,0.74,186,34.6,0.6920000000000001,174,,,,43.0,0.86,5.618642529651755,,,0.0,3.0,0.0,0.0,0.0,0.0,0.0,1.0,1.0,1.0,1.0,0.2428,0.8999,0.144,0.36,0.1272,0.36,1.0,1.0,1.0,0.0,0.0,0.07630522088353414,3.8,0.7429718875502008,37.0,0.11461431947019363,0.9364003085841734,0.6260747620580256,75.83448028564453,0.036,-0.39718301224577374,4.11909625005722,521.9760131835938,0.988,5.618642330169678,712.0,1.0,0.9095328450202942,0.5549580504437008,-0.2521495241160513,1.0,0.43943016537158797,2.351697174338013,1.6955853218604926,0.9656292259608528,0.2636452242388715,0.04166122251689015,0.0,0.6985915061228869,0.3014084938771131,50.0,0.39718301224577374,2.317756534119801,0.37392523794197435,1.674331386412542,0.11476389719067544,0.38892640108035115
68,2,49.4,5.0,0,247,75,0.06419377194510564,0.029090661546748792,0.978143900611233,0.26361728107899096,1.0,1.0,1.0,0.6318086405394955,0.031387481977152576,0.22727888892996662,0.030738655477762222,0.22094950079917908,0.9582464098930359,435.0,1.324078521670076,36.3658447265625,0.0,0.0,1,0.0,0.0,1,0.0,0.0,1,0.2,0.004048582995951417,2,0.0,0.0,1,1.6,0.032388663967611336,9,1.8,0.03643724696356276,10.503694402858937,3.8,0.07692307692307693,0.0,2.0,0.0,1.0,0.0,0.0,0.0,0.0,0.0,1.0,1.0,0.1261,0.5843,1.0,0.2521,0.0,0.3644,0.7568,0.7887,1.0,0.0,0.0,0.0,0.0,0.0040650406504065045,0.2,0.06419377194510564,0.8316348046064376,0.3863605555350167,91.59928894042969,0.9554655870445344,0.031387481977152576,7.932833401297751,328.5303649902344,1.0,10.503694534301758,435.0,1.0,0.9582464098930359,1.235649306348387,0.22727888892996662,1.0,0.3178675736626123,1.397973009592976,1.0747052206158079,0.978143900611233,0.26361728107899096,0.029090661546748792,0.0,0.48430625901142377,0.5156937409885762,49.4,0.22727888892996662,1.0648091603053433,0.6136394444649833,1.5882559326358765,0.16643868534881143,0.5990153900740676
69,1,35.8,5.0,0,179,27,0.04827883342901865,0.04414477360244751,0.9154128278341027,0.23977880071827512,1.0,1.0,1.0,0.6198894003591375,-0.127672518685903,0.7376730980937481,-0.12347552925348282,0.7264450192451477,0.7499432563781738,739.0,1.916116295281706,-82.83050537109375,0.0,0.0,1,0.0,0.0,1,0.0,0.0,1,0.2,0.005586592178770951,2,,,,,,,4.6,0.12849162011173185,3.545793029325963,11.6,0.3240223463687151,0.0,1.0,0.0,0.0,0.0,1.0,0.0,0.0,0.0,0.0,0.4171,0.4171,0.1862,0.0,0.4023,0.0,0.4023,0.1676,0.1862,0.1862,0.0,0.0,0.0,0.0,0.0056179775280898875,0.2,0.04827883342901865,0.8390575001637139,0.1311634509531259,102.12898254394531,0.0,-0.127672518685903,1.8505104024317012,385.67596435546875,0.0335195530726257,3.545793056488037,739.0,1.0,0.7499432563781738,0.4389517412965702,0.7376730980937481,1.0,0.45655889680746276,2.520377428898899,1.1074063663832479,0.9154128278341027,0.23977880071827512,0.04414477360244751,0.0,0.5638362593429515,0.4361637406570485,35.8,0.7376730980937481,1.2927169472950084,0.8688365490468741,6.624075096631696,0.023886088417637175,0.07341178565598706
6,2,50.2,5.0,0,251,40,0.015948893295394048,0.21892382430350701,0.8464296998429706,0.2926767620732388,1.0,1.0,1.0,0.6463383810366194,0.03570941181822317,0.19160260201064458,0.03694174811244011,0.15228226780891418,0.9807978868484497,405.0,2.3121275699605515,-99.83132934570312,0.0,0.0,1,0.2,0.00398406374501992,2,0.4,0.00796812749003984,3,32.0,0.6374501992031872,161,0.0,0.0,1,0.0,0.0,1,1.6,0.03187250996015936,14.248522375457359,5.2,0.10358565737051792,0.0,2.0,0.0,1.0,0.0,0.0,0.0,0.0,0.0,1.0,1.0,0.1623,0.4736,1.0,0.1329,0.0133,0.1329,0.7624,0.7956,1.0,0.0,0.0,0.008,0.4,0.64,32.0,0.015948893295394048,0.9719651684475442,0.40419869899467775,61.681419372558594,0.6812749003984063,0.03570941181822317,6.162515702950527,175.16334533691406,1.0,14.24852180480957,405.0,1.0,0.9807978868484497,2.072635759464134,0.19160260201064458,1.0,0.32020197425283176,1.4130754817987152,1.1618387389617895,0.8464296998429706,0.2926767620732388,0.21892382430350701,0.0,0.4821452940908884,0.5178547059091116,50.2,0.19160260201064458,1.0740635909048024,0.5958013010053222,1.4740307242136061,0.19765273165627986,0.7390293684091166
70,0,10.6,5.0,1,54,31,0.059790528482860976,0.2037654156870913,0.9073641511058189,0.39556478339645507,1.0,1.0,1.0,0.6977823916982275,-0.3266185304289788,-0.021418603240094654,-0.3974980413913727,-0.3420473635196686,0.8528623580932617,2118.0,6.811116145650702,-522.0588226318359,0.6,0.05660377358490566,5,2.4,0.22641509433962265,14,3.0,0.2830188679245283,17,5.8,0.5471698113207547,31,0.0,0.0,2,0.0,0.0,2,0.0,0.0,15.02298133121489,0.8,0.07547169811320756,0.0,1.0,0.0,0.0,0.0,0.0,1.0,0.0,0.0,0.0,0.6289,0.3029,0.5931,0.3774,0.4983,0.3029,0.4983,0.566,0.6289,0.3029,0.057692307692307696,0.6,0.28846153846153844,3.0,0.5576923076923077,5.8,0.059790528482860976,0.8434061259031296,0.5107093016200474,81.02057266235352,0.09433962264150944,-0.3266185304289788,2.205656400266683,310.9622497558594,0.11320754716981132,15.022980690002441,2118.0,1.0,0.8528623580932617,3.427180959425073,-0.021418603240094654,1.0,0.34633820763303197,1.589529379003063,1.0926493108728943,0.9073641511058189,0.39556478339645507,0.2037654156870913,0.2,0.6633092652144894,0.3366907347855106,10.6,0.3266185304289788,1.9700846999459363,0.48929069837995265,1.0437748015873016,0.16437109398701535,0.5901103688643625
71,2,13.6,5.0,0,68,61,0.0500934041208691,0.005585343833226554,0.9975916120379584,0.34158847793559244,1.0,1.0,1.0,0.6707942389677962,-0.31377399254782856,0.061527382033378215,-0.3282092809677124,-0.24257329106330872,0.8903194069862366,1827.0,3.8900334291170746,-839.9545288085938,0.2,0.014705882352941178,2,0.2,0.014705882352941178,2,0.4,0.029411764705882356,3,0.6,0.04411764705882353,4,0.0,0.0,1,0.0,0.0,1,0.0,0.0,15.664117425151757,2.2,0.16176470588235295,0.0,2.0,0.0,0.0,0.0,0.0,1.0,0.0,1.0,0.0,1.0,0.2483,0.6219,0.7647,0.4174,0.0498,0.4174,0.8225,1.0,0.3886,0.014925373134328358,0.2,0.029850746268656716,0.4,0.04477611940298507,0.6,0.0500934041208691,0.9012405574321747,0.4692363089833109,44.66301345825195,0.19117647058823528,-0.31377399254782856,4.0267307460308075,469.6617736816406,0.27941176470588236,15.664117813110352,1827.0,1.0,0.8903194069862366,4.614674502521651,0.061527382033378215,1.0,0.34561793531014184,1.5844777262069956,1.1103510713207927,0.9975916120379584,0.34158847793559244,0.005585343833226554,0.0,0.6568869962739143,0.3431130037260857,13.6,0.31377399254782856,1.9144916955648843,0.5307636910166891,1.1311223808888293,0.15796724801953846,0.5628067826863007
72,1,21.0,5.0,0,105,19,0.11667258706357743,0.019766880708270443,0.9956845914973309,0.2677257361028007,1.0,1.0,1.0,0.6338628680514004,0.02991884362256228,-0.15726571647757095,0.06680185347795486,-0.10681504011154175,0.953282356262207,1440.0,6.104897653583667,-537.9428787231445,0.0,0.0,1,0.0,0.0,1,0.2,0.009523809523809525,2,10.4,0.49523809523809526,53,0.0,0.0,1,0.0,0.0,1,0.8,0.0380952380952381,24.749922656491698,2.8,0.13333333333333333,0.0,0.0,0.0,0.0,0.0,0.0,0.0,0.0,0.0,0.0,0.8571,0.2467,0.4966,0.5714,0.4933,0.016,0.8571,0.7731,0.7148,0.6,0.0,0.0,0.009615384615384616,0.2,0.5,10.4,0.11667258706357743,0.894460620979468,0.5786328582387854,84.05735778808594,0.14285714285714285,0.02991884362256228,4.0541093389193215,235.87619018554688,0.2,24.749923706054688,1440.0,1.0,0.953282356262207,7.638127339558453,-0.15726571647757095,1.0,0.3247062623652441,1.442511210762332,1.2787406582922565,0.9956845914973309,0.2677257361028007,0.019766880708270443,0.0,0.4850405781887188,0.5149594218112812,21.0,0.15726571647757095,1.0616831765587282,0.42136714176121454,1.3732272901494824,0.19025315944603707,0.7048616305160808
73,1,19.8,5.0,0,99,33,0.035763369666205504,0.07113384246042224,0.902041864740413,0.24658785360041763,1.0,1.0,1.0,0.6232939268002088,-0.176284802087267,0.07047959078581482,-0.3452617824077606,0.0675169825553894,0.9266638159751892,2010.0,6.831336304200477,-106.39395141601562,0.0,0.0,1,0.0,0.0,1,0.2,0.010101010101010102,2,7.4,0.37373737373737376,38,0.0,0.0,1,0.0,0.0,1,0.4,0.020202020202020204,36.01892337466848,1.2,0.0606060606060606,0.0,0.0,0.0,0.0,0.0,0.0,0.0,0.0,0.0,0.0,0.9293,0.1897,0.4813,0.9293,0.298,0.017,0.298,0.7583,0.8013,0.5657,0.0,0.0,0.01020408163265306,0.2,0.37755102040816324,7.4,0.035763369666205504,0.8781411449114481,0.46476020460709255,73.5267562866211,0.23232323232323232,-0.176284802087267,5.272602742970592,294.2323303222656,0.30303030303030304,36.018924713134766,2010.0,1.0,0.9266638159751892,8.35435202853506,0.07047959078581482,1.0,0.31847986542620754,1.4019242393713478,1.181031190324634,0.902041864740413,0.24658785360041763,0.07113384246042224,0.0,0.5881424010436335,0.41185759895636653,19.8,0.176284802087267,1.4280236725848128,0.5352397953929073,1.1516472152459742,0.19509766898966666,0.727160283203958
74,0,9.6,5.0,8,56,22,0.06466680434015061,0.657268145618736,0.8341186162720368,0.6656933809453864,1.0,1.0,1.0,0.8328466904726932,-0.11860280497486107,-0.1376554644085737,-0.17990785837173462,-0.18681661784648895,0.9389357566833496,1582.0,4.018840859363608,-2.25,0.6,0.0625,12,1.8,0.1875,18,2.6,0.27083333333333337,22,3.4,0.3541666666666667,26,0.0,0.0,9,0.0,0.0,9,0.0,0.0,14.326076719672548,0.4,0.04166666666666667,0.0,1.0,0.0,0.0,0.0,0.0,1.0,0.0,0.0,0.0,0.6932,0.2743,0.5991,0.6667,0.5389,0.2743,0.5389,0.6932,0.6257,0.2743,0.06382978723404255,0.6,0.2765957446808511,2.6,0.3617021276595745,3.4,0.06466680434015061,0.9143453141053517,0.5688277322042868,47.38157653808594,0.16666666666666666,-0.11860280497486107,3.564728448788325,393.6458435058594,0.5833333333333334,14.32607650756836,1582.0,1.0,0.9389357566833496,2.1026733724564504,-0.1376554644085737,1.0,0.2911352209579254,1.2321188591906824,1.0484086144463503,0.8341186162720368,0.6656933809453864,0.657268145618736,1.6,0.5593014024874305,0.44069859751256946,9.6,0.1376554644085737,1.2691245346463313,0.43117226779571316,1.3192586228059409,0.163006086266208,0.5842554536832121
75,0,10.2,5.0,0,51,24,0.0780373149447971,0.1013617311996897,0.4345916026924808,0.02797666694608525,1.0,1.0,1.0,0.5139883334730426,-0.0755851346438858,0.36651659629205,-0.07843619585037231,0.38324588537216187,0.9381763339042664,3001.0,2.139914907188531,-881.8236083984375,2.6,0.25490196078431376,14,3.8,0.37254901960784315,20,5.0,0.4901960784313726,26,6.0,0.5882352941176471,31,0.0,0.0,1,0.0,0.0,1,0.2,0.019607843137254905,22.662055216577055,2.2,0.21568627450980396,0.0,1.0,0.0,1.0,0.0,0.0,0.0,0.0,0.0,0.0,1.0,0.0944,0.6229,1.0,0.1889,0.2914,0.6503,0.9049,0.8619,0.2914,0.26,2.6,0.5,5.0,0.6,6.0,0.0780373149447971,0.8899150515596072,0.316741701853975,53.462684631347656,1.0,-0.0755851346438858,10.590166026470708,1402.3922119140625,1.0,22.66205406188965,3001.0,1.0,0.9381763339042664,5.703191760857731,0.36651659629205,1.0,0.38005089343139176,1.8391069012178622,1.2534353961080882,0.4345916026924808,0.02797666694608525,0.1013617311996897,0.0,0.5377925673219429,0.4622074326780571,10.2,0.36651659629205,1.1635307641115615,0.683258298146025,2.157146640769842,0.15774167389055116,0.5618525896414343
76,1,13.2,5.0,0,66,12,0.14059662404987547,0.04883717455323889,0.8715312320281438,0.22018420329069133,1.0,1.0,1.0,0.6100921016453457,-0.06750007660017772,-0.06878695958574624,0.07601258158683777,0.19637790322303772,0.928581178188324,2549.0,5.154701718907988,-910.2273254394531,0.0,0.0,1,0.0,0.0,1,0.0,0.0,1,0.2,0.015151515151515154,2,0.0,0.0,1,0.0,0.0,1,0.2,0.015151515151515154,37.359480572776974,1.8,0.13636363636363638,0.0,2.0,0.0,1.0,0.0,0.0,1.0,0.0,0.0,0.0,1.0,0.138,0.4186,1.0,0.276,0.0,1.0,0.6812,0.3127,0.3771,0.0,0.0,0.0,0.0,0.015384615384615385,0.2,0.14059662404987547,0.9154580707351366,0.5343934797928731,96.62593078613281,0.30303030303030304,-0.06750007660017772,7.247651253685807,494.5,0.4696969696969697,37.35947799682617,2549.0,1.0,0.928581178188324,11.115736551753013,-0.06878695958574624,1.0,0.2861169837914024,1.2023692003948665,1.1524126866592619,0.8715312320281438,0.22018420329069133,0.04883717455323889,0.0,0.5337500383000888,0.4662499616999112,13.2,0.06878695958574624,1.1447722941447065,0.4656065202071269,1.1477362463806264,0.21797346569844042,0.836186968616542
77,1,40.2,5.0,0,201,43,0.19235883404811221,0.061473217390278265,0.8090489076602482,0.1952610625252632,1.0,1.0,1.0,0.5976305312626315,-0.2088841289269686,0.125,-0.2124992460012436,0.12395395338535309,0.9710602164268494,1318.0,1.3510709750303433,57.55224609375,0.0,0.0,1,0.0,0.0,1,8.6,0.21393034825870644,44,9.0,0.22388059701492535,46,0.0,0.0,1,,,,33.0,0.8208955223880596,9.900692597767462,,,0.0,2.0,0.0,1.0,0.0,0.0,0.0,0.0,0.0,1.0,1.0,0.1365,0.5259,1.0,0.2729,0.3583,0.4478,0.8298,0.9495,1.0,0.0,0.0,0.215,8.6,0.225,9.0,0.19235883404811221,0.8765364810824393,0.4375,47.62012481689453,0.9800995024875622,-0.2088841289269686,7.328032838764475,975.5223999023438,0.9950248756218906,9.9006929397583,1318.0,1.0,0.9710602164268494,1.0440188494728637,0.125,1.0,0.348500611995104,1.6047625757362265,1.3616419248779517,0.8090489076602482,0.1952610625252632,0.061473217390278265,0.0,0.6044420644634843,0.3955579355365157,40.2,0.2088841289269686,1.5280746767060764,0.5625,1.2857142857142858,0.18155854753161974,0.6655034895314058
78,1,37.4,5.0,0,187,33,0.1133724438647429,0.1807135381050361,0.825399301091248,0.2630564195981421,1.0,1.0,1.0,0.6315282097990711,0.0011025358324145535,0.5028941565600882,-0.007396756671369076,0.48009347915649414,0.876579225063324,740.0,2.383889180109456,-54.5,2.2,0.05882352941176471,12,2.4,0.06417112299465241,13,6.8,0.18181818181818182,35,7.4,0.19786096256684493,38,,,,,,,5.6,0.1497326203208556,4.517539040084002,8.4,0.22459893048128343,0.0,0.0,0.0,0.0,0.0,0.0,0.0,0.0,0.0,0.0,0.5942,0.3931,0.5942,0.0,0.4813,0.3047,0.4813,0.5348,0.5942,0.5942,0.05913978494623656,2.2,0.1827956989247312,6.8,0.1989247311827957,7.4,0.1133724438647429,0.8903853949159384,0.2485529217199559,38.302345275878906,0.0,0.0011025358324145535,1.8950289529275128,310.4171142578125,0.10695187165775401,4.517539024353027,740.0,1.0,0.876579225063324,0.5531106180518889,0.5028941565600882,1.0,0.41884302646085997,2.1621164962205426,1.2592841974413425,0.825399301091248,0.2630564195981421,0.1807135381050361,0.0,0.4994487320837927,0.5005512679162073,37.4,0.5028941565600882,1.0022075055187638,0.7514470782800441,3.023288051011921,0.0817082414553473,0.26693555951599285
79,1,33.0,5.0,0,165,35,0.07164076198306349,0.039852145739831056,0.9459528067920256,0.3329024762659284,0.9296944010257722,0.9994443655014038,1.0,0.6312984386458502,0.16080349708576186,0.051623646960865945,0.18434062600135803,-0.05723286420106888,0.8784743547439575,651.0,5.589872860467516,-179.0727310180664,0.0,0.0,1,0.4,0.012121212121212121,3,2.0,0.06060606060606061,11,2.4,0.07272727272727272,13,,,,,,,0.4,0.012121212121212121,4.799858437354843,4.8,0.14545454545454545,0.0,0.0,0.0,0.0,0.0,0.0,0.0,0.0,0.0,0.0,0.7309,0.3745,0.5006,0.0,0.5455,0.1016,0.5455,0.7029,0.7309,0.4293,0.0,0.0,0.06097560975609756,2.0,0.07317073170731707,2.4,0.07164076198306349,0.9346425514668225,0.474188176519567,80.21442413330078,0.0,0.16080349708576186,0.8586703902844227,116.46060943603516,0.14545454545454545,4.799858570098877,651.0,0.9296944010257722,0.8784743547439575,1.3395706349513086,0.051623646960865945,1.0,0.2952227310574521,1.256663959240936,1.0352189781021899,0.9459528067920256,0.3329024762659284,0.039852145739831056,0.0,0.41959825145711904,0.580401748542881,33.0,0.16080349708576186,1.3832320476249536,0.525811823480433,1.1088674275680421,0.18900915903413823,0.6991786447638605
7,2,49.4,5.0,0,247,62,0.03421450323528713,0.33961999154700945,0.5073504324140622,0.1834852119805358,1.0,1.0,1.0,0.591742605990268,-0.1429455828638643,-0.08976660682226212,-0.3011377453804016,-0.07076630741357803,0.9233829379081726,599.0,4.57973765715115,-177.71951293945312,0.0,0.0,1,0.0,0.0,1,0.2,0.004048582995951417,2,0.4,0.008097165991902834,3,0.0,0.0,1,0.0,0.0,1,0.4,0.008097165991902834,42.23366001551153,5.0,0.10121457489878542,0.0,2.0,0.0,1.0,0.0,0.0,0.0,0.0,0.0,1.0,1.0,0.1084,0.5907,1.0,0.2169,0.0068,0.2851,0.6909,0.6498,1.0,0.0,0.0,0.0040650406504065045,0.2,0.008130081300813009,0.4,0.03421450323528713,0.9042292485634486,0.5448833034111311,104.01758575439453,0.7246963562753036,-0.1429455828638643,9.2218516288016,130.79351806640625,1.0,42.23366165161133,599.0,1.0,0.9233829379081726,9.252896247355471,-0.08976660682226212,1.0,0.2901937720547267,1.2265056037678252,1.0316936282601519,0.5073504324140622,0.1834852119805358,0.33961999154700945,0.0,0.5714727914319322,0.42852720856806786,49.4,0.1429455828638643,1.33357411152846,0.45511669658886894,1.1972386587771204,0.16492292453414226,0.5924827637334124
80,1,33.6,5.0,0,168,33,0.06117639938990274,0.1086849967551446,0.92311035172266,0.2758976742389023,1.0,1.0,1.0,0.6379488371194512,-0.16763025732185077,0.6794435911154065,-0.18840114772319794,0.6440224647521973,0.7727953791618347,556.0,1.6120670585624535,-147.66070556640625,0.8,0.023809523809523808,5,1.0,0.02976190476190476,6,1.2,0.03571428571428571,7,3.0,0.08928571428571429,16,,,,,,,1.6,0.047619047619047616,2.7098289785991745,19.4,0.5773809523809523,0.0,0.0,0.0,0.0,0.0,0.0,0.0,0.0,0.0,0.0,0.5098,0.3846,0.1323,0.0,0.5098,0.0599,0.5098,0.119,0.1323,0.1323,0.023952095808383235,0.8,0.03592814371257485,1.2,0.08982035928143713,3.0,0.06117639938990274,0.9100525950392087,0.16027820444229673,52.67008972167969,0.0,-0.16763025732185077,1.6809654470000948,344.8988037109375,0.023809523809523808,2.709829092025757,556.0,1.0,0.7727953791618347,0.4325025236123345,0.6794435911154065,1.0,0.4465940665826761,2.420975488055885,1.136002458404671,0.92311035172266,0.2758976742389023,0.1086849967551446,0.0,0.5838151286609254,0.4161848713390746,33.6,0.6794435911154065,1.40277835372175,0.8397217955577032,5.239151502099709,0.023057142364047427,0.07080396417404208
81,2,39.6,5.0,0,198,70,0.1326347788174947,0.2637694166736417,0.9056704467945457,0.34471993173409365,1.0,1.0,1.0,0.6723599658670468,-0.682966763653808,-0.27607963374318223,-0.6847019195556641,-0.273276150226593,0.776714026927948,648.0,1.3380471348645437,-121.53033447265625,0.0,0.0,1,0.0,0.0,1,0.2,0.005050505050505051,2,0.6,0.01515151515151515,4,,,,,,,7.6,0.1919191919191919,4.422574238505061,13.4,0.3383838383838384,0.0,4.0,1.0,0.0,0.0,0.0,0.0,1.0,1.0,1.0,1.0,0.3025,1.0,0.0,0.4545,0.0085,0.4545,1.0,1.0,1.0,0.0,0.0,0.005076142131979695,0.2,0.015228426395939087,0.6,0.1326347788174947,0.7386835565169652,0.6380398168715911,84.997314453125,0.0,-0.682966763653808,3.3052455203400717,484.2878723144531,0.9040404040404041,4.422574520111084,648.0,1.0,0.776714026927948,0.6225938620475404,-0.27607963374318223,1.0,0.5267340362293902,3.3389303893700006,1.6735031973758325,0.9056704467945457,0.34471993173409365,0.2637694166736417,0.0,0.841483381826904,0.15851661817309598,39.6,0.682966763653808,5.308486842105262,0.3619601831284089,1.7627348161807075,0.0472108375308951,0.14865042358967626
8,1,34.8,5.0,2,176,174,0.07766684889793395,0.004483574304622955,0.2783122027721275,0.0,0.9979717433452606,0.9963122606277466,1.0,0.4989858716726303,0.006685609226140732,-0.3020223967909076,0.24193963408470154,-0.3389674425125122,0.8503153324127197,929.0,13.50877412138693,-147.44827270507812,0.0,0.0,3,16.0,0.4597701149425288,83,20.8,0.5977011494252874,107,34.4,0.9885057471264368,175,0.0,0.0,3,0.0,0.0,3,0.0,0.0,26.633410739371005,1.6,0.04597701149425288,0.0,1.0,0.0,0.0,0.0,1.0,0.0,0.0,0.0,0.0,0.9943,0.3618,0.6066,0.2759,0.5172,0.9943,0.5172,0.546,0.6066,0.6066,0.0,0.0,0.6011560693641619,20.8,0.9942196531791907,34.4,0.07766684889793395,0.9674835979628066,0.6510111983954538,128.81985092163086,0.06896551724137931,0.006685609226140732,1.9715637582215084,68.7701187133789,0.10919540229885058,26.633411407470703,929.0,0.9979717433452606,0.8503153324127197,4.6120163876095335,-0.3020223967909076,1.0,0.3554237004847067,1.6542201478024112,1.2024314390726605,0.2783122027721275,0.0,0.004483574304622955,0.4,0.49665719538692965,0.5033428046130703,34.8,0.3020223967909076,1.0134612148746425,0.34898880160454626,1.8654214559386972,0.1479191041283637,0.5207924676343665
9,1,19.4,5.0,0,97,62,0.043318255080117114,0.09599823516352016,0.8601412805750422,0.2380697578692812,1.0,1.0,1.0,0.6190348789346406,0.09449122581474577,0.02742602472627542,-0.05892958119511604,-0.18455784022808075,0.9486261606216431,2102.0,2.184375792243845,-1959.84375,0.0,0.0,1,0.0,0.0,1,0.2,0.010309278350515465,2,,,,0.0,0.0,1,0.0,0.0,1,2.0,0.10309278350515465,47.718501702610666,8.2,0.422680412371134,0.0,1.0,0.0,1.0,0.0,0.0,0.0,0.0,0.0,0.0,1.0,0.0458,0.4543,1.0,0.0916,0.0174,0.361,0.6713,0.4295,0.5543,0.0,0.0,0.010416666666666666,0.2,,,0.043318255080117114,0.7259117901946107,0.4862869876368623,46.55957794189453,0.6082474226804123,0.09449122581474577,21.845372458094175,962.2886352539062,0.6907216494845361,47.718502044677734,2102.0,1.0,0.9486261606216431,20.70857823743308,0.02742602472627542,1.0,0.28194167684429305,1.177933606863111,1.0627120012921984,0.8601412805750422,0.2380697578692812,0.09599823516352016,0.0,0.4527543870926271,0.5472456129073728,19.4,0.09449122581474577,1.208703059558458,0.5137130123631377,1.0563988455861295,0.20434531079256926,0.7704798836645661
